LinearRegressionModelActivity=0.0002*N1_Q_AB_nCi_2_NS1_T_KA_v_MAS+2.3091,1,0.80964,0.60673,0.36812,1.15647,1.48142,[N1_Q_AB_nCi_2_NS1_T_KA_v_MAS]
LinearRegressionModelActivity=0.0421*N2_Q_AB_nCi_2_NS0_T_KA_r_MAS+3.6368,1,0.29752,0.47705,0.22757,1.95114,1.57835,[N2_Q_AB_nCi_2_NS0_T_KA_r_MAS]
LinearRegressionModelActivity=0.0012*N2_Q_AB_nCi_2_NS1_T_KA_v_MAS+-0.1577,1,0.78687,0.60279,0.36336,1.18488,1.41779,[N2_Q_AB_nCi_2_NS1_T_KA_v_MAS]
LinearRegressionModelActivity=0.0278*N1_Q_AB_nCi_2_NS0_T_KA_e_MAS+1.4038,1,0.79152,0.60062,0.36074,1.20470,1.45109,[N1_Q_AB_nCi_2_NS0_T_KA_e_MAS]
LinearRegressionModelActivity=0.0287*N2_Q_AB_nCi_2_NS0_T_KA_p_MAS+0.4486,1,0.76508,0.69632,0.48487,1.25826,1.30220,[N2_Q_AB_nCi_2_NS0_T_KA_p_MAS]
LinearRegressionModelActivity=0.0015*N1_Q_AB_nCi_2_NS1_T_KA_p_MAS+2.6267,1,0.79795,0.67141,0.45079,1.21115,1.28294,[N1_Q_AB_nCi_2_NS1_T_KA_p_MAS]
LinearRegressionModelActivity=0.0154*N3_Q_AB_nCi_2_NS1_T_KA_p_MAS+0.7099,1,0.69395,0.68118,0.46401,1.41608,1.33225,[N3_Q_AB_nCi_2_NS1_T_KA_p_MAS]
LinearRegressionModelActivity=0.0063*N3_Q_AB_nCi_2_NS0_T_KA_r_MAS+6.0627,1,-0.44501,0.28548,0.08150,2.16012,1.79433,[N3_Q_AB_nCi_2_NS0_T_KA_r_MAS]
LinearRegressionModelActivity=0.0005*N1_Q_AB_nCi_2_NS0_T_KA_v_MAS+1.8457,1,0.81803,0.61270,0.37540,1.12496,1.50995,[N1_Q_AB_nCi_2_NS0_T_KA_v_MAS]
LinearRegressionModelActivity=0.6302*N3_Q_AB_nCi_2_NS0_T_KA_e_MAS+-8.5393,1,0.73194,0.60181,0.36218,1.36540,1.51507,[N3_Q_AB_nCi_2_NS0_T_KA_e_MAS]
LinearRegressionModelActivity=0.0109*N1_Q_AB_nCi_2_NS1_T_KA_e_MAS+1.8473,1,0.79102,0.60527,0.36635,1.22111,1.41698,[N1_Q_AB_nCi_2_NS1_T_KA_e_MAS]
LinearRegressionModelActivity=0.0042*N2_Q_AB_nCi_2_NS0_T_KA_v_MAS+-2.2404,1,0.82472,0.63629,0.40487,1.07053,1.45411,[N2_Q_AB_nCi_2_NS0_T_KA_v_MAS]
LinearRegressionModelActivity=0.0025*N3_Q_AB_nCi_2_NS1_T_KA_v_MAS+-1.7381,1,0.75503,0.58931,0.34728,1.24672,1.41422,[N3_Q_AB_nCi_2_NS1_T_KA_v_MAS]
LinearRegressionModelActivity=0.0183*N1_Q_AB_nCi_2_NS0_T_KA_r_MAS+2.0037,1,0.77699,0.65166,0.42466,1.17316,1.37890,[N1_Q_AB_nCi_2_NS0_T_KA_r_MAS]
LinearRegressionModelActivity=0.0323*N2_Q_AB_nCi_2_NS1_T_KA_r_MAS+2.0476,1,0.73007,0.58455,0.34170,1.30039,1.43152,[N2_Q_AB_nCi_2_NS1_T_KA_r_MAS]
LinearRegressionModelActivity=0.0516*N3_Q_AB_nCi_2_NS1_T_KA_r_MAS+1.8227,1,0.70798,0.56857,0.32327,1.33977,1.41799,[N3_Q_AB_nCi_2_NS1_T_KA_r_MAS]
LinearRegressionModelActivity=0.0093*N2_Q_AB_nCi_2_NS1_T_KA_p_MAS+1.1123,1,0.74461,0.68593,0.47050,1.31193,1.30874,[N2_Q_AB_nCi_2_NS1_T_KA_p_MAS]
LinearRegressionModelActivity=0.0495*N3_Q_AB_nCi_2_NS0_T_KA_p_MAS+-0.1427,1,0.71478,0.69272,0.47986,1.37226,1.34502,[N3_Q_AB_nCi_2_NS0_T_KA_p_MAS]
LinearRegressionModelActivity=0.0001*N1_Q_AB_nCi_2_NS1_T_KA_v_MAS+0.0086*N2_Q_AB_nCi_2_NS0_T_KA_p_MAS+1.5804,2,0.80978,0.65387,0.42754,1.15579,1.36061,[N1_Q_AB_nCi_2_NS1_T_KA_v_MAS  N2_Q_AB_nCi_2_NS0_T_KA_p_MAS]
LinearRegressionModelActivity=-0.0098*N2_Q_AB_nCi_2_NS0_T_KA_r_MAS+0.0303*N2_Q_AB_nCi_2_NS0_T_KA_p_MAS+0.7543,2,0.75694,0.68021,0.46269,1.29462,1.33849,[N2_Q_AB_nCi_2_NS0_T_KA_r_MAS  N2_Q_AB_nCi_2_NS0_T_KA_p_MAS]
LinearRegressionModelActivity=0.0008*N2_Q_AB_nCi_2_NS1_T_KA_v_MAS+0.0112*N2_Q_AB_nCi_2_NS0_T_KA_p_MAS+-0.2251,2,0.78910,0.65685,0.43146,1.19052,1.31854,[N2_Q_AB_nCi_2_NS1_T_KA_v_MAS  N2_Q_AB_nCi_2_NS0_T_KA_p_MAS]
LinearRegressionModelActivity=0.0174*N1_Q_AB_nCi_2_NS0_T_KA_e_MAS+0.0129*N2_Q_AB_nCi_2_NS0_T_KA_p_MAS+0.6056,2,0.80717,0.67494,0.45555,1.16208,1.26701,[N1_Q_AB_nCi_2_NS0_T_KA_e_MAS  N2_Q_AB_nCi_2_NS0_T_KA_p_MAS]
LinearRegressionModelActivity=0*N2_Q_AB_nCi_2_NS0_T_KA_p_MAS+0.0015*N1_Q_AB_nCi_2_NS1_T_KA_p_MAS+2.626,2,0.79275,0.67143,0.45082,1.21708,1.28292,[N2_Q_AB_nCi_2_NS0_T_KA_p_MAS  N1_Q_AB_nCi_2_NS1_T_KA_p_MAS]
LinearRegressionModelActivity=0.0569*N2_Q_AB_nCi_2_NS0_T_KA_p_MAS+-0.0166*N3_Q_AB_nCi_2_NS1_T_KA_p_MAS+0.7833,2,0.77536,0.67838,0.46020,1.25618,1.33084,[N2_Q_AB_nCi_2_NS0_T_KA_p_MAS  N3_Q_AB_nCi_2_NS1_T_KA_p_MAS]
LinearRegressionModelActivity=0.0294*N2_Q_AB_nCi_2_NS0_T_KA_p_MAS+-0.0132*N3_Q_AB_nCi_2_NS0_T_KA_r_MAS+0.9377,2,0.76205,0.66921,0.44784,1.26242,1.35163,[N2_Q_AB_nCi_2_NS0_T_KA_p_MAS  N3_Q_AB_nCi_2_NS0_T_KA_r_MAS]
LinearRegressionModelActivity=0.0077*N2_Q_AB_nCi_2_NS0_T_KA_p_MAS+0.0004*N1_Q_AB_nCi_2_NS0_T_KA_v_MAS+1.2804,2,0.81918,0.65726,0.43199,1.10507,1.39178,[N2_Q_AB_nCi_2_NS0_T_KA_p_MAS  N1_Q_AB_nCi_2_NS0_T_KA_v_MAS]
LinearRegressionModelActivity=0.0184*N2_Q_AB_nCi_2_NS0_T_KA_p_MAS+0.3031*N3_Q_AB_nCi_2_NS0_T_KA_e_MAS+-4.5951,2,0.79962,0.69810,0.48734,1.18562,1.23606,[N2_Q_AB_nCi_2_NS0_T_KA_p_MAS  N3_Q_AB_nCi_2_NS0_T_KA_e_MAS]
LinearRegressionModelActivity=0.0115*N2_Q_AB_nCi_2_NS0_T_KA_p_MAS+0.0072*N1_Q_AB_nCi_2_NS1_T_KA_e_MAS+1.0201,2,0.80284,0.66668,0.44446,1.19501,1.27791,[N2_Q_AB_nCi_2_NS0_T_KA_p_MAS  N1_Q_AB_nCi_2_NS1_T_KA_e_MAS]
LinearRegressionModelActivity=0.0053*N2_Q_AB_nCi_2_NS0_T_KA_p_MAS+0.0035*N2_Q_AB_nCi_2_NS0_T_KA_v_MAS+-1.9839,2,0.81932,0.66114,0.43710,1.06311,1.38864,[N2_Q_AB_nCi_2_NS0_T_KA_p_MAS  N2_Q_AB_nCi_2_NS0_T_KA_v_MAS]
LinearRegressionModelActivity=0.0167*N2_Q_AB_nCi_2_NS0_T_KA_p_MAS+0.0012*N3_Q_AB_nCi_2_NS1_T_KA_v_MAS+-0.9018,2,0.77630,0.66851,0.44690,1.21700,1.28324,[N2_Q_AB_nCi_2_NS0_T_KA_p_MAS  N3_Q_AB_nCi_2_NS1_T_KA_v_MAS]
LinearRegressionModelActivity=0.0141*N2_Q_AB_nCi_2_NS0_T_KA_p_MAS+0.0101*N1_Q_AB_nCi_2_NS0_T_KA_r_MAS+1.0583,2,0.77998,0.69541,0.48360,1.21384,1.27655,[N2_Q_AB_nCi_2_NS0_T_KA_p_MAS  N1_Q_AB_nCi_2_NS0_T_KA_r_MAS]
LinearRegressionModelActivity=0.0191*N2_Q_AB_nCi_2_NS0_T_KA_p_MAS+0.0131*N2_Q_AB_nCi_2_NS1_T_KA_r_MAS+0.6788,2,0.78135,0.67951,0.46173,1.21051,1.30094,[N2_Q_AB_nCi_2_NS0_T_KA_p_MAS  N2_Q_AB_nCi_2_NS1_T_KA_r_MAS]
LinearRegressionModelActivity=0.0214*N2_Q_AB_nCi_2_NS0_T_KA_p_MAS+0.017*N3_Q_AB_nCi_2_NS1_T_KA_r_MAS+0.4571,2,0.76916,0.68268,0.46606,1.24593,1.29567,[N2_Q_AB_nCi_2_NS0_T_KA_p_MAS  N3_Q_AB_nCi_2_NS1_T_KA_r_MAS]
LinearRegressionModelActivity=0.029*N2_Q_AB_nCi_2_NS0_T_KA_p_MAS+-0.0001*N2_Q_AB_nCi_2_NS1_T_KA_p_MAS+0.4438,2,0.76997,0.69637,0.48493,1.24133,1.30225,[N2_Q_AB_nCi_2_NS0_T_KA_p_MAS  N2_Q_AB_nCi_2_NS1_T_KA_p_MAS]
LinearRegressionModelActivity=0.0831*N2_Q_AB_nCi_2_NS0_T_KA_p_MAS+-0.1008*N3_Q_AB_nCi_2_NS0_T_KA_p_MAS+2.5044,2,0.79654,0.64788,0.41975,1.19422,1.32751,[N2_Q_AB_nCi_2_NS0_T_KA_p_MAS  N3_Q_AB_nCi_2_NS0_T_KA_p_MAS]
LinearRegressionModelActivity=0.0001*N1_Q_AB_nCi_2_NS1_T_KA_v_MAS+0.0092*N2_Q_AB_nCi_2_NS0_T_KA_p_MAS+0.0693*N3_Q_AB_nCi_2_NS0_T_KA_e_MAS+0.262,3,0.79691,0.66074,0.43658,1.17296,1.32647,[N1_Q_AB_nCi_2_NS1_T_KA_v_MAS  N2_Q_AB_nCi_2_NS0_T_KA_p_MAS  N3_Q_AB_nCi_2_NS0_T_KA_e_MAS]
LinearRegressionModelActivity=0.018*N2_Q_AB_nCi_2_NS0_T_KA_r_MAS+0.0117*N2_Q_AB_nCi_2_NS0_T_KA_p_MAS+0.4128*N3_Q_AB_nCi_2_NS0_T_KA_e_MAS+-6.9818,3,0.79053,0.71326,0.50873,1.18879,1.23260,[N2_Q_AB_nCi_2_NS0_T_KA_r_MAS  N2_Q_AB_nCi_2_NS0_T_KA_p_MAS  N3_Q_AB_nCi_2_NS0_T_KA_e_MAS]
LinearRegressionModelActivity=0.0005*N2_Q_AB_nCi_2_NS1_T_KA_v_MAS+0.0115*N2_Q_AB_nCi_2_NS0_T_KA_p_MAS+0.1911*N3_Q_AB_nCi_2_NS0_T_KA_e_MAS+-3.1429,3,0.80045,0.67209,0.45171,1.17339,1.27563,[N2_Q_AB_nCi_2_NS1_T_KA_v_MAS  N2_Q_AB_nCi_2_NS0_T_KA_p_MAS  N3_Q_AB_nCi_2_NS0_T_KA_e_MAS]
LinearRegressionModelActivity=0.0276*N1_Q_AB_nCi_2_NS0_T_KA_e_MAS+0.0109*N2_Q_AB_nCi_2_NS0_T_KA_p_MAS+-0.2152*N3_Q_AB_nCi_2_NS0_T_KA_e_MAS+4.279,3,0.79422,0.65768,0.43255,1.18509,1.34613,[N1_Q_AB_nCi_2_NS0_T_KA_e_MAS  N2_Q_AB_nCi_2_NS0_T_KA_p_MAS  N3_Q_AB_nCi_2_NS0_T_KA_e_MAS]
LinearRegressionModelActivity=0.0085*N2_Q_AB_nCi_2_NS0_T_KA_p_MAS+0.0007*N1_Q_AB_nCi_2_NS1_T_KA_p_MAS+0.2208*N3_Q_AB_nCi_2_NS0_T_KA_e_MAS+-2.2625,3,0.78657,0.68495,0.46915,1.22549,1.23783,[N2_Q_AB_nCi_2_NS0_T_KA_p_MAS  N1_Q_AB_nCi_2_NS1_T_KA_p_MAS  N3_Q_AB_nCi_2_NS0_T_KA_e_MAS]
LinearRegressionModelActivity=0.0324*N2_Q_AB_nCi_2_NS0_T_KA_p_MAS+-0.0072*N3_Q_AB_nCi_2_NS1_T_KA_p_MAS+0.2507*N3_Q_AB_nCi_2_NS0_T_KA_e_MAS+-3.5784,3,0.79403,0.69168,0.47842,1.20777,1.24430,[N2_Q_AB_nCi_2_NS0_T_KA_p_MAS  N3_Q_AB_nCi_2_NS1_T_KA_p_MAS  N3_Q_AB_nCi_2_NS0_T_KA_e_MAS]
LinearRegressionModelActivity=0.0133*N2_Q_AB_nCi_2_NS0_T_KA_p_MAS+0.0167*N3_Q_AB_nCi_2_NS0_T_KA_r_MAS+0.4265*N3_Q_AB_nCi_2_NS0_T_KA_e_MAS+-7.2692,3,0.79729,0.71692,0.51397,1.17453,1.22998,[N2_Q_AB_nCi_2_NS0_T_KA_p_MAS  N3_Q_AB_nCi_2_NS0_T_KA_r_MAS  N3_Q_AB_nCi_2_NS0_T_KA_e_MAS]
LinearRegressionModelActivity=0.0078*N2_Q_AB_nCi_2_NS0_T_KA_p_MAS+0.0004*N1_Q_AB_nCi_2_NS0_T_KA_v_MAS+0.0023*N3_Q_AB_nCi_2_NS0_T_KA_e_MAS+1.2386,3,0.80329,0.65750,0.43230,1.15320,1.39054,[N2_Q_AB_nCi_2_NS0_T_KA_p_MAS  N1_Q_AB_nCi_2_NS0_T_KA_v_MAS  N3_Q_AB_nCi_2_NS0_T_KA_e_MAS]
LinearRegressionModelActivity=0.0116*N2_Q_AB_nCi_2_NS0_T_KA_p_MAS+0.0118*N3_Q_AB_nCi_2_NS0_T_KA_e_MAS+0.007*N1_Q_AB_nCi_2_NS1_T_KA_e_MAS+0.8064,3,0.79193,0.66772,0.44586,1.20593,1.27439,[N2_Q_AB_nCi_2_NS0_T_KA_p_MAS  N3_Q_AB_nCi_2_NS0_T_KA_e_MAS  N1_Q_AB_nCi_2_NS1_T_KA_e_MAS]
LinearRegressionModelActivity=0.0055*N2_Q_AB_nCi_2_NS0_T_KA_p_MAS+0.028*N3_Q_AB_nCi_2_NS0_T_KA_e_MAS+0.0034*N2_Q_AB_nCi_2_NS0_T_KA_v_MAS+-2.3241,3,0.79537,0.66352,0.44026,1.13200,1.37548,[N2_Q_AB_nCi_2_NS0_T_KA_p_MAS  N3_Q_AB_nCi_2_NS0_T_KA_e_MAS  N2_Q_AB_nCi_2_NS0_T_KA_v_MAS]
LinearRegressionModelActivity=0.0146*N2_Q_AB_nCi_2_NS0_T_KA_p_MAS+0.2589*N3_Q_AB_nCi_2_NS0_T_KA_e_MAS+0.0005*N3_Q_AB_nCi_2_NS1_T_KA_v_MAS+-4.4538,3,0.80019,0.68410,0.46799,1.18430,1.25098,[N2_Q_AB_nCi_2_NS0_T_KA_p_MAS  N3_Q_AB_nCi_2_NS0_T_KA_e_MAS  N3_Q_AB_nCi_2_NS1_T_KA_v_MAS]
LinearRegressionModelActivity=0.0078*N2_Q_AB_nCi_2_NS0_T_KA_p_MAS+0.2724*N3_Q_AB_nCi_2_NS0_T_KA_e_MAS+0.008*N1_Q_AB_nCi_2_NS0_T_KA_r_MAS+-3.5988,3,0.80461,0.68749,0.47264,1.16002,1.25347,[N2_Q_AB_nCi_2_NS0_T_KA_p_MAS  N3_Q_AB_nCi_2_NS0_T_KA_e_MAS  N1_Q_AB_nCi_2_NS0_T_KA_r_MAS]
LinearRegressionModelActivity=0.013*N2_Q_AB_nCi_2_NS0_T_KA_p_MAS+0.2677*N3_Q_AB_nCi_2_NS0_T_KA_e_MAS+0.009*N2_Q_AB_nCi_2_NS1_T_KA_r_MAS+-3.848,3,0.79575,0.68196,0.46508,1.19249,1.25065,[N2_Q_AB_nCi_2_NS0_T_KA_p_MAS  N3_Q_AB_nCi_2_NS0_T_KA_e_MAS  N2_Q_AB_nCi_2_NS1_T_KA_r_MAS]
LinearRegressionModelActivity=0.014*N2_Q_AB_nCi_2_NS0_T_KA_p_MAS+0.2806*N3_Q_AB_nCi_2_NS0_T_KA_e_MAS+0.0121*N3_Q_AB_nCi_2_NS1_T_KA_r_MAS+-4.2142,3,0.78193,0.68483,0.46900,1.22033,1.24659,[N2_Q_AB_nCi_2_NS0_T_KA_p_MAS  N3_Q_AB_nCi_2_NS0_T_KA_e_MAS  N3_Q_AB_nCi_2_NS1_T_KA_r_MAS]
LinearRegressionModelActivity=0.0164*N2_Q_AB_nCi_2_NS0_T_KA_p_MAS+0.3035*N3_Q_AB_nCi_2_NS0_T_KA_e_MAS+0.0006*N2_Q_AB_nCi_2_NS1_T_KA_p_MAS+-4.5657,3,0.78140,0.69754,0.48656,1.24610,1.23617,[N2_Q_AB_nCi_2_NS0_T_KA_p_MAS  N3_Q_AB_nCi_2_NS0_T_KA_e_MAS  N2_Q_AB_nCi_2_NS1_T_KA_p_MAS]
LinearRegressionModelActivity=0.0574*N2_Q_AB_nCi_2_NS0_T_KA_p_MAS+0.1663*N3_Q_AB_nCi_2_NS0_T_KA_e_MAS+-0.0637*N3_Q_AB_nCi_2_NS0_T_KA_p_MAS+-1.0212,3,0.80002,0.66655,0.44429,1.16879,1.26596,[N2_Q_AB_nCi_2_NS0_T_KA_p_MAS  N3_Q_AB_nCi_2_NS0_T_KA_e_MAS  N3_Q_AB_nCi_2_NS0_T_KA_p_MAS]
LinearRegressionModelActivity=0.0001*N1_Q_AB_nCi_2_NS1_T_KA_v_MAS+0.0238*N2_Q_AB_nCi_2_NS0_T_KA_p_MAS+-0.0055*N2_Q_AB_nCi_2_NS1_T_KA_p_MAS+1.3393,3,0.80309,0.64824,0.42021,1.16843,1.41894,[N1_Q_AB_nCi_2_NS1_T_KA_v_MAS  N2_Q_AB_nCi_2_NS0_T_KA_p_MAS  N2_Q_AB_nCi_2_NS1_T_KA_p_MAS]
LinearRegressionModelActivity=-0.0101*N2_Q_AB_nCi_2_NS0_T_KA_r_MAS+0.0337*N2_Q_AB_nCi_2_NS0_T_KA_p_MAS+-0.0011*N2_Q_AB_nCi_2_NS1_T_KA_p_MAS+0.7024,3,0.75890,0.68005,0.46247,1.28322,1.33775,[N2_Q_AB_nCi_2_NS0_T_KA_r_MAS  N2_Q_AB_nCi_2_NS0_T_KA_p_MAS  N2_Q_AB_nCi_2_NS1_T_KA_p_MAS]
LinearRegressionModelActivity=0.0011*N2_Q_AB_nCi_2_NS1_T_KA_v_MAS+0.0427*N2_Q_AB_nCi_2_NS0_T_KA_p_MAS+-0.0125*N2_Q_AB_nCi_2_NS1_T_KA_p_MAS+-1.174,3,0.79683,0.63161,0.39893,1.14564,1.46469,[N2_Q_AB_nCi_2_NS1_T_KA_v_MAS  N2_Q_AB_nCi_2_NS0_T_KA_p_MAS  N2_Q_AB_nCi_2_NS1_T_KA_p_MAS]
LinearRegressionModelActivity=0.0175*N1_Q_AB_nCi_2_NS0_T_KA_e_MAS+0.0101*N2_Q_AB_nCi_2_NS0_T_KA_p_MAS+0.0009*N2_Q_AB_nCi_2_NS1_T_KA_p_MAS+0.6572,3,0.79359,0.67439,0.45480,1.20528,1.26289,[N1_Q_AB_nCi_2_NS0_T_KA_e_MAS  N2_Q_AB_nCi_2_NS0_T_KA_p_MAS  N2_Q_AB_nCi_2_NS1_T_KA_p_MAS]
LinearRegressionModelActivity=0.0165*N2_Q_AB_nCi_2_NS0_T_KA_p_MAS+0.0018*N1_Q_AB_nCi_2_NS1_T_KA_p_MAS+-0.007*N2_Q_AB_nCi_2_NS1_T_KA_p_MAS+2.5755,3,0.78159,0.66559,0.44300,1.25050,1.32875,[N2_Q_AB_nCi_2_NS0_T_KA_p_MAS  N1_Q_AB_nCi_2_NS1_T_KA_p_MAS  N2_Q_AB_nCi_2_NS1_T_KA_p_MAS]
LinearRegressionModelActivity=0.0265*N2_Q_AB_nCi_2_NS0_T_KA_p_MAS+-0.0331*N3_Q_AB_nCi_2_NS1_T_KA_p_MAS+0.0193*N2_Q_AB_nCi_2_NS1_T_KA_p_MAS+2.2052,3,0.79884,0.65065,0.42334,1.19552,1.35765,[N2_Q_AB_nCi_2_NS0_T_KA_p_MAS  N3_Q_AB_nCi_2_NS1_T_KA_p_MAS  N2_Q_AB_nCi_2_NS1_T_KA_p_MAS]
LinearRegressionModelActivity=0.0359*N2_Q_AB_nCi_2_NS0_T_KA_p_MAS+-0.014*N3_Q_AB_nCi_2_NS0_T_KA_r_MAS+-0.0021*N2_Q_AB_nCi_2_NS1_T_KA_p_MAS+0.8481,3,0.76088,0.66800,0.44623,1.27835,1.35077,[N2_Q_AB_nCi_2_NS0_T_KA_p_MAS  N3_Q_AB_nCi_2_NS0_T_KA_r_MAS  N2_Q_AB_nCi_2_NS1_T_KA_p_MAS]
LinearRegressionModelActivity=0.0077*N2_Q_AB_nCi_2_NS0_T_KA_p_MAS+0.0004*N1_Q_AB_nCi_2_NS0_T_KA_v_MAS+0*N2_Q_AB_nCi_2_NS1_T_KA_p_MAS+1.2809,3,0.81465,0.65726,0.43199,1.12950,1.39171,[N2_Q_AB_nCi_2_NS0_T_KA_p_MAS  N1_Q_AB_nCi_2_NS0_T_KA_v_MAS  N2_Q_AB_nCi_2_NS1_T_KA_p_MAS]
LinearRegressionModelActivity=0.0164*N2_Q_AB_nCi_2_NS0_T_KA_p_MAS+0.3035*N3_Q_AB_nCi_2_NS0_T_KA_e_MAS+0.0006*N2_Q_AB_nCi_2_NS1_T_KA_p_MAS+-4.5657,3,0.79766,0.69754,0.48656,1.18580,1.23617,[N2_Q_AB_nCi_2_NS0_T_KA_p_MAS  N3_Q_AB_nCi_2_NS0_T_KA_e_MAS  N2_Q_AB_nCi_2_NS1_T_KA_p_MAS]
LinearRegressionModelActivity=0.0205*N2_Q_AB_nCi_2_NS0_T_KA_p_MAS+0.0074*N1_Q_AB_nCi_2_NS1_T_KA_e_MAS+-0.0031*N2_Q_AB_nCi_2_NS1_T_KA_p_MAS+0.8565,3,0.80132,0.66624,0.44387,1.19362,1.29959,[N2_Q_AB_nCi_2_NS0_T_KA_p_MAS  N1_Q_AB_nCi_2_NS1_T_KA_e_MAS  N2_Q_AB_nCi_2_NS1_T_KA_p_MAS]
LinearRegressionModelActivity=0.0087*N2_Q_AB_nCi_2_NS0_T_KA_p_MAS+0.0036*N2_Q_AB_nCi_2_NS0_T_KA_v_MAS+-0.0012*N2_Q_AB_nCi_2_NS1_T_KA_p_MAS+-2.055,3,0.81758,0.66073,0.43657,1.08870,1.39822,[N2_Q_AB_nCi_2_NS0_T_KA_p_MAS  N2_Q_AB_nCi_2_NS0_T_KA_v_MAS  N2_Q_AB_nCi_2_NS1_T_KA_p_MAS]
LinearRegressionModelActivity=0.0509*N2_Q_AB_nCi_2_NS0_T_KA_p_MAS+0.002*N3_Q_AB_nCi_2_NS1_T_KA_v_MAS+-0.0141*N2_Q_AB_nCi_2_NS1_T_KA_p_MAS+-2.6534,3,0.76719,0.64005,0.40966,1.21421,1.41564,[N2_Q_AB_nCi_2_NS0_T_KA_p_MAS  N3_Q_AB_nCi_2_NS1_T_KA_v_MAS  N2_Q_AB_nCi_2_NS1_T_KA_p_MAS]
LinearRegressionModelActivity=0.0194*N2_Q_AB_nCi_2_NS0_T_KA_p_MAS+0.0103*N1_Q_AB_nCi_2_NS0_T_KA_r_MAS+-0.0018*N2_Q_AB_nCi_2_NS1_T_KA_p_MAS+0.9652,3,0.77368,0.69571,0.48401,1.23535,1.28564,[N2_Q_AB_nCi_2_NS0_T_KA_p_MAS  N1_Q_AB_nCi_2_NS0_T_KA_r_MAS  N2_Q_AB_nCi_2_NS1_T_KA_p_MAS]
LinearRegressionModelActivity=0.0579*N2_Q_AB_nCi_2_NS0_T_KA_p_MAS+0.0242*N2_Q_AB_nCi_2_NS1_T_KA_r_MAS+-0.0156*N2_Q_AB_nCi_2_NS1_T_KA_p_MAS+-0.0098,3,0.78618,0.65826,0.43330,1.17128,1.38012,[N2_Q_AB_nCi_2_NS0_T_KA_p_MAS  N2_Q_AB_nCi_2_NS1_T_KA_r_MAS  N2_Q_AB_nCi_2_NS1_T_KA_p_MAS]
LinearRegressionModelActivity=0.0562*N2_Q_AB_nCi_2_NS0_T_KA_p_MAS+0.0322*N3_Q_AB_nCi_2_NS1_T_KA_r_MAS+-0.0137*N2_Q_AB_nCi_2_NS1_T_KA_p_MAS+-0.3105,3,0.77855,0.66871,0.44718,1.19445,1.32810,[N2_Q_AB_nCi_2_NS0_T_KA_p_MAS  N3_Q_AB_nCi_2_NS1_T_KA_r_MAS  N2_Q_AB_nCi_2_NS1_T_KA_p_MAS]
LinearRegressionModelActivity=0.0986*N2_Q_AB_nCi_2_NS0_T_KA_p_MAS+-0.0043*N2_Q_AB_nCi_2_NS1_T_KA_p_MAS+-0.1057*N3_Q_AB_nCi_2_NS0_T_KA_p_MAS+2.3636,3,0.79303,0.64451,0.41539,1.20234,1.35689,[N2_Q_AB_nCi_2_NS0_T_KA_p_MAS  N2_Q_AB_nCi_2_NS1_T_KA_p_MAS  N3_Q_AB_nCi_2_NS0_T_KA_p_MAS]
SMOregweights(notsupportvectors):+0.9146*(normalized)N1_Q_AB_nCi_2_NS1_T_KA_v_MAS+0.2073Numberofkernelevaluations:2926(91.337%cached),1,0.80198,0.60673,0.36812,1.21439,1.46711,[N1_Q_AB_nCi_2_NS1_T_KA_v_MAS]
SMOregweights(notsupportvectors):+0.4682*(normalized)N2_Q_AB_nCi_2_NS0_T_KA_r_MAS+0.3662Numberofkernelevaluations:2926(90.981%cached),1,0.26773,0.47705,0.22757,1.97708,1.64487,[N2_Q_AB_nCi_2_NS0_T_KA_r_MAS]
SMOregweights(notsupportvectors):+0.9809*(normalized)N2_Q_AB_nCi_2_NS1_T_KA_v_MAS+0.1069Numberofkernelevaluations:2926(86.938%cached),1,0.77251,0.60279,0.36336,1.22522,1.44031,[N2_Q_AB_nCi_2_NS1_T_KA_v_MAS]
SMOregweights(notsupportvectors):+0.9067*(normalized)N1_Q_AB_nCi_2_NS0_T_KA_e_MAS+0.1625Numberofkernelevaluations:2926(91.183%cached),1,0.78328,0.60062,0.36074,1.24269,1.44541,[N1_Q_AB_nCi_2_NS0_T_KA_e_MAS]
SMOregweights(notsupportvectors):+0.9733*(normalized)N2_Q_AB_nCi_2_NS0_T_KA_p_MAS+0.1023Numberofkernelevaluations:2926(89.573%cached),1,0.76498,0.69632,0.48487,1.27405,1.28693,[N2_Q_AB_nCi_2_NS0_T_KA_p_MAS]
SMOregweights(notsupportvectors):+0.9738*(normalized)N1_Q_AB_nCi_2_NS1_T_KA_p_MAS+0.161Numberofkernelevaluations:2926(89.508%cached),1,0.79443,0.67141,0.45079,1.22941,1.27817,[N1_Q_AB_nCi_2_NS1_T_KA_p_MAS]
SMOregweights(notsupportvectors):+1.0672*(normalized)N3_Q_AB_nCi_2_NS1_T_KA_p_MAS+0.0342Numberofkernelevaluations:2926(88.988%cached),1,0.70913,0.68118,0.46401,1.38486,1.33122,[N3_Q_AB_nCi_2_NS1_T_KA_p_MAS]
SMOregweights(notsupportvectors):+0.0073*(normalized)N3_Q_AB_nCi_2_NS0_T_KA_r_MAS+0.5829Numberofkernelevaluations:2926(89.399%cached),1,-0.45807,0.28548,0.08150,2.33093,1.87539,[N3_Q_AB_nCi_2_NS0_T_KA_r_MAS]
SMOregweights(notsupportvectors):+0.8366*(normalized)N1_Q_AB_nCi_2_NS0_T_KA_v_MAS+0.1844Numberofkernelevaluations:2926(89.593%cached),1,0.79479,0.61270,0.37540,1.20634,1.52911,[N1_Q_AB_nCi_2_NS0_T_KA_v_MAS]
SMOregweights(notsupportvectors):+0.8748*(normalized)N3_Q_AB_nCi_2_NS0_T_KA_e_MAS+0.0906Numberofkernelevaluations:2926(90.981%cached),1,0.73443,0.60181,0.36218,1.36350,1.47413,[N3_Q_AB_nCi_2_NS0_T_KA_e_MAS]
SMOregweights(notsupportvectors):+1.0064*(normalized)N1_Q_AB_nCi_2_NS1_T_KA_e_MAS+0.1678Numberofkernelevaluations:2926(89.308%cached),1,0.79921,0.60527,0.36635,1.20990,1.40819,[N1_Q_AB_nCi_2_NS1_T_KA_e_MAS]
SMOregweights(notsupportvectors):+0.8685*(normalized)N2_Q_AB_nCi_2_NS0_T_KA_v_MAS+0.0972Numberofkernelevaluations:2926(89.494%cached),1,0.82103,0.63629,0.40487,1.07774,1.49425,[N2_Q_AB_nCi_2_NS0_T_KA_v_MAS]
SMOregweights(notsupportvectors):+0.9347*(normalized)N3_Q_AB_nCi_2_NS1_T_KA_v_MAS+0.1058Numberofkernelevaluations:2926(91.012%cached),1,0.74334,0.58931,0.34728,1.29977,1.41587,[N3_Q_AB_nCi_2_NS1_T_KA_v_MAS]
SMOregweights(notsupportvectors):+0.9557*(normalized)N1_Q_AB_nCi_2_NS0_T_KA_r_MAS+0.1378Numberofkernelevaluations:2926(91.107%cached),1,0.77013,0.65166,0.42466,1.18914,1.40798,[N1_Q_AB_nCi_2_NS0_T_KA_r_MAS]
SMOregweights(notsupportvectors):+0.8887*(normalized)N2_Q_AB_nCi_2_NS1_T_KA_r_MAS+0.1874Numberofkernelevaluations:2926(89.193%cached),1,0.71785,0.58455,0.34170,1.32824,1.46577,[N2_Q_AB_nCi_2_NS1_T_KA_r_MAS]
SMOregweights(notsupportvectors):+0.8078*(normalized)N3_Q_AB_nCi_2_NS1_T_KA_r_MAS+0.1995Numberofkernelevaluations:2926(86.845%cached),1,0.69823,0.56857,0.32327,1.36945,1.45926,[N3_Q_AB_nCi_2_NS1_T_KA_r_MAS]
SMOregweights(notsupportvectors):+0.8806*(normalized)N2_Q_AB_nCi_2_NS1_T_KA_p_MAS+0.0941Numberofkernelevaluations:2926(89.132%cached),1,0.75287,0.68593,0.47050,1.31783,1.26877,[N2_Q_AB_nCi_2_NS1_T_KA_p_MAS]
SMOregweights(notsupportvectors):+1.1274*(normalized)N3_Q_AB_nCi_2_NS0_T_KA_p_MAS+0.0734Numberofkernelevaluations:2926(91.002%cached),1,0.72010,0.69272,0.47986,1.36743,1.34305,[N3_Q_AB_nCi_2_NS0_T_KA_p_MAS]
SMOregweights(notsupportvectors):+0.6906*(normalized)N1_Q_AB_nCi_2_NS1_T_KA_v_MAS+0.3137*(normalized)N2_Q_AB_nCi_2_NS0_T_KA_p_MAS+0.1233Numberofkernelevaluations:2926(87.136%cached),2,0.79884,0.65482,0.42879,1.20172,1.36754,[N1_Q_AB_nCi_2_NS1_T_KA_v_MAS  N2_Q_AB_nCi_2_NS0_T_KA_p_MAS]
SMOregweights(notsupportvectors):+0.026*(normalized)N2_Q_AB_nCi_2_NS0_T_KA_r_MAS+0.9687*(normalized)N2_Q_AB_nCi_2_NS0_T_KA_p_MAS+0.0839Numberofkernelevaluations:2926(91.383%cached),2,0.76096,0.69940,0.48916,1.28562,1.28044,[N2_Q_AB_nCi_2_NS0_T_KA_r_MAS  N2_Q_AB_nCi_2_NS0_T_KA_p_MAS]
SMOregweights(notsupportvectors):+0.7011*(normalized)N2_Q_AB_nCi_2_NS1_T_KA_v_MAS+0.2918*(normalized)N2_Q_AB_nCi_2_NS0_T_KA_p_MAS+0.1051Numberofkernelevaluations:2926(87.266%cached),2,0.79793,0.64373,0.41439,1.16232,1.34465,[N2_Q_AB_nCi_2_NS1_T_KA_v_MAS  N2_Q_AB_nCi_2_NS0_T_KA_p_MAS]
SMOregweights(notsupportvectors):+0.5589*(normalized)N1_Q_AB_nCi_2_NS0_T_KA_e_MAS+0.4644*(normalized)N2_Q_AB_nCi_2_NS0_T_KA_p_MAS+0.1059Numberofkernelevaluations:2926(91.192%cached),2,0.81080,0.67577,0.45666,1.16888,1.26195,[N1_Q_AB_nCi_2_NS0_T_KA_e_MAS  N2_Q_AB_nCi_2_NS0_T_KA_p_MAS]
SMOregweights(notsupportvectors):+0.4151*(normalized)N2_Q_AB_nCi_2_NS0_T_KA_p_MAS+0.6466*(normalized)N1_Q_AB_nCi_2_NS1_T_KA_p_MAS+0.1079Numberofkernelevaluations:2926(89.709%cached),2,0.77611,0.68828,0.47373,1.26985,1.26720,[N2_Q_AB_nCi_2_NS0_T_KA_p_MAS  N1_Q_AB_nCi_2_NS1_T_KA_p_MAS]
SMOregweights(notsupportvectors):+0.9209*(normalized)N2_Q_AB_nCi_2_NS0_T_KA_p_MAS+0.0506*(normalized)N3_Q_AB_nCi_2_NS1_T_KA_p_MAS+0.0995Numberofkernelevaluations:2926(82.597%cached),2,0.76509,0.69622,0.48472,1.25960,1.28626,[N2_Q_AB_nCi_2_NS0_T_KA_p_MAS  N3_Q_AB_nCi_2_NS1_T_KA_p_MAS]
SMOregweights(notsupportvectors):+0.9745*(normalized)N2_Q_AB_nCi_2_NS0_T_KA_p_MAS-0.037*(normalized)N3_Q_AB_nCi_2_NS0_T_KA_r_MAS+0.1308Numberofkernelevaluations:2926(90.064%cached),2,0.76775,0.68807,0.47344,1.27777,1.29950,[N2_Q_AB_nCi_2_NS0_T_KA_p_MAS  N3_Q_AB_nCi_2_NS0_T_KA_r_MAS]
SMOregweights(notsupportvectors):+0.3902*(normalized)N2_Q_AB_nCi_2_NS0_T_KA_p_MAS+0.6043*(normalized)N1_Q_AB_nCi_2_NS0_T_KA_v_MAS+0.1215Numberofkernelevaluations:2926(92.779%cached),2,0.80704,0.66931,0.44798,1.17985,1.37012,[N2_Q_AB_nCi_2_NS0_T_KA_p_MAS  N1_Q_AB_nCi_2_NS0_T_KA_v_MAS]
SMOregweights(notsupportvectors):+0.6076*(normalized)N2_Q_AB_nCi_2_NS0_T_KA_p_MAS+0.477*(normalized)N3_Q_AB_nCi_2_NS0_T_KA_e_MAS+0.0199Numberofkernelevaluations:2926(87.034%cached),2,0.79342,0.69548,0.48369,1.21268,1.23735,[N2_Q_AB_nCi_2_NS0_T_KA_p_MAS  N3_Q_AB_nCi_2_NS0_T_KA_e_MAS]
SMOregweights(notsupportvectors):+0.3991*(normalized)N2_Q_AB_nCi_2_NS0_T_KA_p_MAS+0.6701*(normalized)N1_Q_AB_nCi_2_NS1_T_KA_e_MAS+0.1069Numberofkernelevaluations:2926(89.63%cached),2,0.79674,0.66547,0.44284,1.22564,1.27746,[N2_Q_AB_nCi_2_NS0_T_KA_p_MAS  N1_Q_AB_nCi_2_NS1_T_KA_e_MAS]
SMOregweights(notsupportvectors):+0.2086*(normalized)N2_Q_AB_nCi_2_NS0_T_KA_p_MAS+0.7171*(normalized)N2_Q_AB_nCi_2_NS0_T_KA_v_MAS+0.0847Numberofkernelevaluations:2926(90.335%cached),2,0.82375,0.66293,0.43947,1.07250,1.40247,[N2_Q_AB_nCi_2_NS0_T_KA_p_MAS  N2_Q_AB_nCi_2_NS0_T_KA_v_MAS]
SMOregweights(notsupportvectors):+0.4028*(normalized)N2_Q_AB_nCi_2_NS0_T_KA_p_MAS+0.5486*(normalized)N3_Q_AB_nCi_2_NS1_T_KA_v_MAS+0.1041Numberofkernelevaluations:2926(89.987%cached),2,0.76640,0.64941,0.42173,1.23501,1.30764,[N2_Q_AB_nCi_2_NS0_T_KA_p_MAS  N3_Q_AB_nCi_2_NS1_T_KA_v_MAS]
SMOregweights(notsupportvectors):+0.3384*(normalized)N2_Q_AB_nCi_2_NS0_T_KA_p_MAS+0.7356*(normalized)N1_Q_AB_nCi_2_NS0_T_KA_r_MAS+0.0778Numberofkernelevaluations:2926(89.838%cached),2,0.77908,0.68364,0.46736,1.19699,1.34868,[N2_Q_AB_nCi_2_NS0_T_KA_p_MAS  N1_Q_AB_nCi_2_NS0_T_KA_r_MAS]
SMOregweights(notsupportvectors):+0.4482*(normalized)N2_Q_AB_nCi_2_NS0_T_KA_p_MAS+0.5424*(normalized)N2_Q_AB_nCi_2_NS1_T_KA_r_MAS+0.1152Numberofkernelevaluations:2926(87.29%cached),2,0.75781,0.65442,0.42827,1.26468,1.30555,[N2_Q_AB_nCi_2_NS0_T_KA_p_MAS  N2_Q_AB_nCi_2_NS1_T_KA_r_MAS]
SMOregweights(notsupportvectors):+0.5173*(normalized)N2_Q_AB_nCi_2_NS0_T_KA_p_MAS+0.428*(normalized)N3_Q_AB_nCi_2_NS1_T_KA_r_MAS+0.1062Numberofkernelevaluations:2926(91.489%cached),2,0.75415,0.65657,0.43108,1.28726,1.28246,[N2_Q_AB_nCi_2_NS0_T_KA_p_MAS  N3_Q_AB_nCi_2_NS1_T_KA_r_MAS]
SMOregweights(notsupportvectors):+0.6366*(normalized)N2_Q_AB_nCi_2_NS0_T_KA_p_MAS+0.3895*(normalized)N2_Q_AB_nCi_2_NS1_T_KA_p_MAS+0.0486Numberofkernelevaluations:2926(89.537%cached),2,0.76160,0.69360,0.48108,1.27363,1.28353,[N2_Q_AB_nCi_2_NS0_T_KA_p_MAS  N2_Q_AB_nCi_2_NS1_T_KA_p_MAS]
SMOregweights(notsupportvectors):+0.8525*(normalized)N2_Q_AB_nCi_2_NS0_T_KA_p_MAS+0.1546*(normalized)N3_Q_AB_nCi_2_NS0_T_KA_p_MAS+0.0866Numberofkernelevaluations:2926(91.381%cached),2,0.75569,0.69686,0.48561,1.27973,1.29385,[N2_Q_AB_nCi_2_NS0_T_KA_p_MAS  N3_Q_AB_nCi_2_NS0_T_KA_p_MAS]
SMOregweights(notsupportvectors):+0.7854*(normalized)N1_Q_AB_nCi_2_NS1_T_KA_v_MAS+0.2267*(normalized)N2_Q_AB_nCi_2_NS0_T_KA_r_MAS+0.0455*(normalized)N2_Q_AB_nCi_2_NS0_T_KA_p_MAS+0.1016Numberofkernelevaluations:2926(88.24%cached),3,0.78716,0.66519,0.44247,1.21640,1.36577,[N1_Q_AB_nCi_2_NS1_T_KA_v_MAS  N2_Q_AB_nCi_2_NS0_T_KA_r_MAS  N2_Q_AB_nCi_2_NS0_T_KA_p_MAS]
SMOregweights(notsupportvectors):+0.1198*(normalized)N2_Q_AB_nCi_2_NS0_T_KA_r_MAS+0.7523*(normalized)N2_Q_AB_nCi_2_NS1_T_KA_v_MAS+0.1778*(normalized)N2_Q_AB_nCi_2_NS0_T_KA_p_MAS+0.0618Numberofkernelevaluations:2926(91.017%cached),3,0.79428,0.65495,0.42896,1.13805,1.34033,[N2_Q_AB_nCi_2_NS0_T_KA_r_MAS  N2_Q_AB_nCi_2_NS1_T_KA_v_MAS  N2_Q_AB_nCi_2_NS0_T_KA_p_MAS]
SMOregweights(notsupportvectors):+0.2716*(normalized)N2_Q_AB_nCi_2_NS0_T_KA_r_MAS+0.7332*(normalized)N1_Q_AB_nCi_2_NS0_T_KA_e_MAS+0.1783*(normalized)N2_Q_AB_nCi_2_NS0_T_KA_p_MAS+0.0142Numberofkernelevaluations:2926(88.377%cached),3,0.80085,0.68855,0.47410,1.15597,1.34754,[N2_Q_AB_nCi_2_NS0_T_KA_r_MAS  N1_Q_AB_nCi_2_NS0_T_KA_e_MAS  N2_Q_AB_nCi_2_NS0_T_KA_p_MAS]
SMOregweights(notsupportvectors):+0.131*(normalized)N2_Q_AB_nCi_2_NS0_T_KA_r_MAS+0.3669*(normalized)N2_Q_AB_nCi_2_NS0_T_KA_p_MAS+0.6842*(normalized)N1_Q_AB_nCi_2_NS1_T_KA_p_MAS+0.0458Numberofkernelevaluations:2926(90.315%cached),3,0.77350,0.70166,0.49233,1.28132,1.27791,[N2_Q_AB_nCi_2_NS0_T_KA_r_MAS  N2_Q_AB_nCi_2_NS0_T_KA_p_MAS  N1_Q_AB_nCi_2_NS1_T_KA_p_MAS]
SMOregweights(notsupportvectors):+0.019*(normalized)N2_Q_AB_nCi_2_NS0_T_KA_r_MAS+0.9349*(normalized)N2_Q_AB_nCi_2_NS0_T_KA_p_MAS+0.0455*(normalized)N3_Q_AB_nCi_2_NS1_T_KA_p_MAS+0.0816Numberofkernelevaluations:2926(87.956%cached),3,0.75317,0.69851,0.48791,1.30406,1.28350,[N2_Q_AB_nCi_2_NS0_T_KA_r_MAS  N2_Q_AB_nCi_2_NS0_T_KA_p_MAS  N3_Q_AB_nCi_2_NS1_T_KA_p_MAS]
SMOregweights(notsupportvectors):+0.5068*(normalized)N2_Q_AB_nCi_2_NS0_T_KA_r_MAS+0.7892*(normalized)N2_Q_AB_nCi_2_NS0_T_KA_p_MAS-0.4179*(normalized)N3_Q_AB_nCi_2_NS0_T_KA_r_MAS+0.1554Numberofkernelevaluations:2926(87.771%cached),3,0.76445,0.67257,0.45235,1.28433,1.30797,[N2_Q_AB_nCi_2_NS0_T_KA_r_MAS  N2_Q_AB_nCi_2_NS0_T_KA_p_MAS  N3_Q_AB_nCi_2_NS0_T_KA_r_MAS]
SMOregweights(notsupportvectors):+0.2139*(normalized)N2_Q_AB_nCi_2_NS0_T_KA_r_MAS+0.0798*(normalized)N2_Q_AB_nCi_2_NS0_T_KA_p_MAS+0.6811*(normalized)N1_Q_AB_nCi_2_NS0_T_KA_v_MAS+0.1124Numberofkernelevaluations:2926(90.322%cached),3,0.78928,0.67132,0.45067,1.19040,1.39609,[N2_Q_AB_nCi_2_NS0_T_KA_r_MAS  N2_Q_AB_nCi_2_NS0_T_KA_p_MAS  N1_Q_AB_nCi_2_NS0_T_KA_v_MAS]
SMOregweights(notsupportvectors):+0.281*(normalized)N2_Q_AB_nCi_2_NS0_T_KA_r_MAS+0.303*(normalized)N2_Q_AB_nCi_2_NS0_T_KA_p_MAS+0.6784*(normalized)N3_Q_AB_nCi_2_NS0_T_KA_e_MAS-0.0853Numberofkernelevaluations:2926(90.197%cached),3,0.79659,0.71430,0.51023,1.17798,1.25208,[N2_Q_AB_nCi_2_NS0_T_KA_r_MAS  N2_Q_AB_nCi_2_NS0_T_KA_p_MAS  N3_Q_AB_nCi_2_NS0_T_KA_e_MAS]
SMOregweights(notsupportvectors):+0.2323*(normalized)N2_Q_AB_nCi_2_NS0_T_KA_r_MAS+0.1108*(normalized)N2_Q_AB_nCi_2_NS0_T_KA_p_MAS+0.8482*(normalized)N1_Q_AB_nCi_2_NS1_T_KA_e_MAS+0.0401Numberofkernelevaluations:2926(88.014%cached),3,0.78754,0.67614,0.45716,1.23268,1.32559,[N2_Q_AB_nCi_2_NS0_T_KA_r_MAS  N2_Q_AB_nCi_2_NS0_T_KA_p_MAS  N1_Q_AB_nCi_2_NS1_T_KA_e_MAS]
SMOregweights(notsupportvectors):+0.1542*(normalized)N2_Q_AB_nCi_2_NS0_T_KA_r_MAS+0.0268*(normalized)N2_Q_AB_nCi_2_NS0_T_KA_p_MAS+0.7579*(normalized)N2_Q_AB_nCi_2_NS0_T_KA_v_MAS+0.0727Numberofkernelevaluations:2926(89.758%cached),3,0.81521,0.66456,0.44163,1.09199,1.44189,[N2_Q_AB_nCi_2_NS0_T_KA_r_MAS  N2_Q_AB_nCi_2_NS0_T_KA_p_MAS  N2_Q_AB_nCi_2_NS0_T_KA_v_MAS]
SMOregweights(notsupportvectors):+0.0993*(normalized)N2_Q_AB_nCi_2_NS0_T_KA_r_MAS+0.3065*(normalized)N2_Q_AB_nCi_2_NS0_T_KA_p_MAS+0.5939*(normalized)N3_Q_AB_nCi_2_NS1_T_KA_v_MAS+0.057Numberofkernelevaluations:2926(88.999%cached),3,0.75965,0.65759,0.43242,1.24444,1.29599,[N2_Q_AB_nCi_2_NS0_T_KA_r_MAS  N2_Q_AB_nCi_2_NS0_T_KA_p_MAS  N3_Q_AB_nCi_2_NS1_T_KA_v_MAS]
SMOregweights(notsupportvectors):-0.051*(normalized)N2_Q_AB_nCi_2_NS0_T_KA_r_MAS+0.3476*(normalized)N2_Q_AB_nCi_2_NS0_T_KA_p_MAS+0.7401*(normalized)N1_Q_AB_nCi_2_NS0_T_KA_r_MAS+0.1006Numberofkernelevaluations:2926(87.992%cached),3,0.78423,0.68012,0.46256,1.19485,1.33649,[N2_Q_AB_nCi_2_NS0_T_KA_r_MAS  N2_Q_AB_nCi_2_NS0_T_KA_p_MAS  N1_Q_AB_nCi_2_NS0_T_KA_r_MAS]
SMOregweights(notsupportvectors):-0.0032*(normalized)N2_Q_AB_nCi_2_NS0_T_KA_r_MAS+0.4462*(normalized)N2_Q_AB_nCi_2_NS0_T_KA_p_MAS+0.543*(normalized)N2_Q_AB_nCi_2_NS1_T_KA_r_MAS+0.1183Numberofkernelevaluations:2926(90.175%cached),3,0.76378,0.65375,0.42738,1.27915,1.30644,[N2_Q_AB_nCi_2_NS0_T_KA_r_MAS  N2_Q_AB_nCi_2_NS0_T_KA_p_MAS  N2_Q_AB_nCi_2_NS1_T_KA_r_MAS]
SMOregweights(notsupportvectors):-0.0093*(normalized)N2_Q_AB_nCi_2_NS0_T_KA_r_MAS+0.5283*(normalized)N2_Q_AB_nCi_2_NS0_T_KA_p_MAS+0.4197*(normalized)N3_Q_AB_nCi_2_NS1_T_KA_r_MAS+0.1112Numberofkernelevaluations:2926(92.028%cached),3,0.74649,0.65673,0.43129,1.31103,1.28288,[N2_Q_AB_nCi_2_NS0_T_KA_r_MAS  N2_Q_AB_nCi_2_NS0_T_KA_p_MAS  N3_Q_AB_nCi_2_NS1_T_KA_r_MAS]
SMOregweights(notsupportvectors):-0.0119*(normalized)N2_Q_AB_nCi_2_NS0_T_KA_r_MAS+0.6288*(normalized)N2_Q_AB_nCi_2_NS0_T_KA_p_MAS+0.3922*(normalized)N2_Q_AB_nCi_2_NS1_T_KA_p_MAS+0.0572Numberofkernelevaluations:2926(87.941%cached),3,0.75766,0.69196,0.47881,1.30362,1.28429,[N2_Q_AB_nCi_2_NS0_T_KA_r_MAS  N2_Q_AB_nCi_2_NS0_T_KA_p_MAS  N2_Q_AB_nCi_2_NS1_T_KA_p_MAS]
SMOregweights(notsupportvectors):+0.0042*(normalized)N2_Q_AB_nCi_2_NS0_T_KA_r_MAS+0.8708*(normalized)N2_Q_AB_nCi_2_NS0_T_KA_p_MAS+0.1242*(normalized)N3_Q_AB_nCi_2_NS0_T_KA_p_MAS+0.0899Numberofkernelevaluations:2926(90.013%cached),3,0.74890,0.69730,0.48623,1.30695,1.29124,[N2_Q_AB_nCi_2_NS0_T_KA_r_MAS  N2_Q_AB_nCi_2_NS0_T_KA_p_MAS  N3_Q_AB_nCi_2_NS0_T_KA_p_MAS]
SMOregweights(notsupportvectors):+0.7045*(normalized)N1_Q_AB_nCi_2_NS1_T_KA_v_MAS+0.2146*(normalized)N2_Q_AB_nCi_2_NS0_T_KA_p_MAS+0.1003*(normalized)N3_Q_AB_nCi_2_NS0_T_KA_p_MAS+0.1196Numberofkernelevaluations:2926(87.838%cached),3,0.80379,0.65717,0.43187,1.19110,1.36454,[N1_Q_AB_nCi_2_NS1_T_KA_v_MAS  N2_Q_AB_nCi_2_NS0_T_KA_p_MAS  N3_Q_AB_nCi_2_NS0_T_KA_p_MAS]
SMOregweights(notsupportvectors):+0.0042*(normalized)N2_Q_AB_nCi_2_NS0_T_KA_r_MAS+0.8708*(normalized)N2_Q_AB_nCi_2_NS0_T_KA_p_MAS+0.1242*(normalized)N3_Q_AB_nCi_2_NS0_T_KA_p_MAS+0.0899Numberofkernelevaluations:2926(90.013%cached),3,0.76068,0.69730,0.48623,1.27669,1.29124,[N2_Q_AB_nCi_2_NS0_T_KA_r_MAS  N2_Q_AB_nCi_2_NS0_T_KA_p_MAS  N3_Q_AB_nCi_2_NS0_T_KA_p_MAS]
SMOregweights(notsupportvectors):+0.7037*(normalized)N2_Q_AB_nCi_2_NS1_T_KA_v_MAS+0.2154*(normalized)N2_Q_AB_nCi_2_NS0_T_KA_p_MAS+0.074*(normalized)N3_Q_AB_nCi_2_NS0_T_KA_p_MAS+0.1071Numberofkernelevaluations:2926(90.269%cached),3,0.78597,0.64505,0.41609,1.18889,1.34094,[N2_Q_AB_nCi_2_NS1_T_KA_v_MAS  N2_Q_AB_nCi_2_NS0_T_KA_p_MAS  N3_Q_AB_nCi_2_NS0_T_KA_p_MAS]
SMOregweights(notsupportvectors):+0.5683*(normalized)N1_Q_AB_nCi_2_NS0_T_KA_e_MAS+0.3338*(normalized)N2_Q_AB_nCi_2_NS0_T_KA_p_MAS+0.1316*(normalized)N3_Q_AB_nCi_2_NS0_T_KA_p_MAS+0.1047Numberofkernelevaluations:2926(91.682%cached),3,0.80048,0.67908,0.46114,1.19670,1.25661,[N1_Q_AB_nCi_2_NS0_T_KA_e_MAS  N2_Q_AB_nCi_2_NS0_T_KA_p_MAS  N3_Q_AB_nCi_2_NS0_T_KA_p_MAS]
SMOregweights(notsupportvectors):+0.3994*(normalized)N2_Q_AB_nCi_2_NS0_T_KA_p_MAS+0.6311*(normalized)N1_Q_AB_nCi_2_NS1_T_KA_p_MAS+0.0376*(normalized)N3_Q_AB_nCi_2_NS0_T_KA_p_MAS+0.1059Numberofkernelevaluations:2926(89.765%cached),3,0.79176,0.68952,0.47544,1.21818,1.26915,[N2_Q_AB_nCi_2_NS0_T_KA_p_MAS  N1_Q_AB_nCi_2_NS1_T_KA_p_MAS  N3_Q_AB_nCi_2_NS0_T_KA_p_MAS]
SMOregweights(notsupportvectors):+0.8484*(normalized)N2_Q_AB_nCi_2_NS0_T_KA_p_MAS+0.0231*(normalized)N3_Q_AB_nCi_2_NS1_T_KA_p_MAS+0.1374*(normalized)N3_Q_AB_nCi_2_NS0_T_KA_p_MAS+0.0846Numberofkernelevaluations:2926(87.219%cached),3,0.75597,0.69674,0.48545,1.28658,1.29382,[N2_Q_AB_nCi_2_NS0_T_KA_p_MAS  N3_Q_AB_nCi_2_NS1_T_KA_p_MAS  N3_Q_AB_nCi_2_NS0_T_KA_p_MAS]
SMOregweights(notsupportvectors):+0.8512*(normalized)N2_Q_AB_nCi_2_NS0_T_KA_p_MAS-0.1228*(normalized)N3_Q_AB_nCi_2_NS0_T_KA_r_MAS+0.232*(normalized)N3_Q_AB_nCi_2_NS0_T_KA_p_MAS+0.127Numberofkernelevaluations:2926(87.394%cached),3,0.76297,0.66440,0.44142,1.28660,1.35815,[N2_Q_AB_nCi_2_NS0_T_KA_p_MAS  N3_Q_AB_nCi_2_NS0_T_KA_r_MAS  N3_Q_AB_nCi_2_NS0_T_KA_p_MAS]
SMOregweights(notsupportvectors):+0.2056*(normalized)N2_Q_AB_nCi_2_NS0_T_KA_p_MAS+0.6309*(normalized)N1_Q_AB_nCi_2_NS0_T_KA_v_MAS+0.1883*(normalized)N3_Q_AB_nCi_2_NS0_T_KA_p_MAS+0.1152Numberofkernelevaluations:2926(88.532%cached),3,0.81444,0.67350,0.45360,1.13383,1.36485,[N2_Q_AB_nCi_2_NS0_T_KA_p_MAS  N1_Q_AB_nCi_2_NS0_T_KA_v_MAS  N3_Q_AB_nCi_2_NS0_T_KA_p_MAS]
SMOregweights(notsupportvectors):+0.4791*(normalized)N2_Q_AB_nCi_2_NS0_T_KA_p_MAS+0.4812*(normalized)N3_Q_AB_nCi_2_NS0_T_KA_e_MAS+0.1452*(normalized)N3_Q_AB_nCi_2_NS0_T_KA_p_MAS+0.0132Numberofkernelevaluations:2926(91.553%cached),3,0.79190,0.69907,0.48869,1.20026,1.23564,[N2_Q_AB_nCi_2_NS0_T_KA_p_MAS  N3_Q_AB_nCi_2_NS0_T_KA_e_MAS  N3_Q_AB_nCi_2_NS0_T_KA_p_MAS]
SMOregweights(notsupportvectors):+0.2996*(normalized)N2_Q_AB_nCi_2_NS0_T_KA_p_MAS+0.6584*(normalized)N1_Q_AB_nCi_2_NS1_T_KA_e_MAS+0.0926*(normalized)N3_Q_AB_nCi_2_NS0_T_KA_p_MAS+0.1072Numberofkernelevaluations:2926(91.765%cached),3,0.79514,0.66816,0.44644,1.22529,1.27473,[N2_Q_AB_nCi_2_NS0_T_KA_p_MAS  N1_Q_AB_nCi_2_NS1_T_KA_e_MAS  N3_Q_AB_nCi_2_NS0_T_KA_p_MAS]
SMOregweights(notsupportvectors):+0.1254*(normalized)N2_Q_AB_nCi_2_NS0_T_KA_p_MAS+0.6657*(normalized)N2_Q_AB_nCi_2_NS0_T_KA_v_MAS+0.1867*(normalized)N3_Q_AB_nCi_2_NS0_T_KA_p_MAS+0.0728Numberofkernelevaluations:2926(93.054%cached),3,0.82404,0.67766,0.45922,1.07997,1.36104,[N2_Q_AB_nCi_2_NS0_T_KA_p_MAS  N2_Q_AB_nCi_2_NS0_T_KA_v_MAS  N3_Q_AB_nCi_2_NS0_T_KA_p_MAS]
SMOregweights(notsupportvectors):+0.4469*(normalized)N2_Q_AB_nCi_2_NS0_T_KA_p_MAS+0.5694*(normalized)N3_Q_AB_nCi_2_NS1_T_KA_v_MAS-0.0719*(normalized)N3_Q_AB_nCi_2_NS0_T_KA_p_MAS+0.1058Numberofkernelevaluations:2926(84.673%cached),3,0.75521,0.64485,0.41584,1.26908,1.31644,[N2_Q_AB_nCi_2_NS0_T_KA_p_MAS  N3_Q_AB_nCi_2_NS1_T_KA_v_MAS  N3_Q_AB_nCi_2_NS0_T_KA_p_MAS]
SMOregweights(notsupportvectors):+0.3847*(normalized)N2_Q_AB_nCi_2_NS0_T_KA_p_MAS+0.732*(normalized)N1_Q_AB_nCi_2_NS0_T_KA_r_MAS-0.0626*(normalized)N3_Q_AB_nCi_2_NS0_T_KA_p_MAS+0.085Numberofkernelevaluations:2926(87.362%cached),3,0.78541,0.68154,0.46450,1.17812,1.34911,[N2_Q_AB_nCi_2_NS0_T_KA_p_MAS  N1_Q_AB_nCi_2_NS0_T_KA_r_MAS  N3_Q_AB_nCi_2_NS0_T_KA_p_MAS]
SMOregweights(notsupportvectors):+0.4652*(normalized)N2_Q_AB_nCi_2_NS0_T_KA_p_MAS+0.5412*(normalized)N2_Q_AB_nCi_2_NS1_T_KA_r_MAS-0.0165*(normalized)N3_Q_AB_nCi_2_NS0_T_KA_p_MAS+0.1151Numberofkernelevaluations:2926(90.482%cached),3,0.75348,0.65426,0.42805,1.30541,1.30633,[N2_Q_AB_nCi_2_NS0_T_KA_p_MAS  N2_Q_AB_nCi_2_NS1_T_KA_r_MAS  N3_Q_AB_nCi_2_NS0_T_KA_p_MAS]
SMOregweights(notsupportvectors):+0.5122*(normalized)N2_Q_AB_nCi_2_NS0_T_KA_p_MAS+0.4312*(normalized)N3_Q_AB_nCi_2_NS1_T_KA_r_MAS+0.003*(normalized)N3_Q_AB_nCi_2_NS0_T_KA_p_MAS+0.1058Numberofkernelevaluations:2926(90.131%cached),3,0.74288,0.65621,0.43061,1.31730,1.28301,[N2_Q_AB_nCi_2_NS0_T_KA_p_MAS  N3_Q_AB_nCi_2_NS1_T_KA_r_MAS  N3_Q_AB_nCi_2_NS0_T_KA_p_MAS]
SMOregweights(notsupportvectors):+0.6392*(normalized)N2_Q_AB_nCi_2_NS0_T_KA_p_MAS+0.4137*(normalized)N2_Q_AB_nCi_2_NS1_T_KA_p_MAS-0.0478*(normalized)N3_Q_AB_nCi_2_NS0_T_KA_p_MAS+0.0568Numberofkernelevaluations:2926(89.944%cached),3,0.74993,0.69305,0.48032,1.32323,1.27949,[N2_Q_AB_nCi_2_NS0_T_KA_p_MAS  N2_Q_AB_nCi_2_NS1_T_KA_p_MAS  N3_Q_AB_nCi_2_NS0_T_KA_p_MAS]
IB1instance-basedclassifierusing3nearestneighbour(s)forclassification,1,0.76650,0.61770,0.38156,1.20818,1.38028,[N1_Q_AB_nCi_2_NS1_T_KA_v_MAS]
IB1instance-basedclassifierusing3nearestneighbour(s)forclassification,1,0.63252,0.49071,0.24079,1.39975,1.68239,[N2_Q_AB_nCi_2_NS0_T_KA_r_MAS]
IB1instance-basedclassifierusing3nearestneighbour(s)forclassification,1,0.75672,0.59530,0.35439,1.22977,1.43721,[N2_Q_AB_nCi_2_NS1_T_KA_v_MAS]
IB1instance-basedclassifierusing3nearestneighbour(s)forclassification,1,0.76795,0.51359,0.26378,1.16222,1.68196,[N1_Q_AB_nCi_2_NS0_T_KA_e_MAS]
IB1instance-basedclassifierusing3nearestneighbour(s)forclassification,1,0.73698,0.67033,0.44934,1.27251,1.31581,[N2_Q_AB_nCi_2_NS0_T_KA_p_MAS]
IB1instance-basedclassifierusing3nearestneighbour(s)forclassification,1,0.73946,0.71445,0.51044,1.28976,1.18342,[N1_Q_AB_nCi_2_NS1_T_KA_p_MAS]
IB1instance-basedclassifierusing3nearestneighbour(s)forclassification,1,0.75383,0.63936,0.40879,1.20012,1.47739,[N3_Q_AB_nCi_2_NS1_T_KA_p_MAS]
IB1instance-basedclassifierusing3nearestneighbour(s)forclassification,1,0.76796,0.51906,0.26942,1.19345,1.63785,[N3_Q_AB_nCi_2_NS0_T_KA_r_MAS]
IB1instance-basedclassifierusing3nearestneighbour(s)forclassification,1,0.77632,0.60554,0.36668,1.15637,1.46334,[N1_Q_AB_nCi_2_NS0_T_KA_v_MAS]
IB1instance-basedclassifierusing3nearestneighbour(s)forclassification,1,0.78176,0.45970,0.21133,1.11900,1.70511,[N3_Q_AB_nCi_2_NS0_T_KA_e_MAS]
IB1instance-basedclassifierusing3nearestneighbour(s)forclassification,1,0.79774,0.54327,0.29514,1.12537,1.53728,[N1_Q_AB_nCi_2_NS1_T_KA_e_MAS]
IB1instance-basedclassifierusing3nearestneighbour(s)forclassification,1,0.77247,0.61787,0.38176,1.13204,1.56832,[N2_Q_AB_nCi_2_NS0_T_KA_v_MAS]
IB1instance-basedclassifierusing3nearestneighbour(s)forclassification,1,0.72571,0.56262,0.31654,1.31277,1.50686,[N3_Q_AB_nCi_2_NS1_T_KA_v_MAS]
IB1instance-basedclassifierusing3nearestneighbour(s)forclassification,1,0.79633,0.59011,0.34823,1.07049,1.48469,[N1_Q_AB_nCi_2_NS0_T_KA_r_MAS]
IB1instance-basedclassifierusing3nearestneighbour(s)forclassification,1,0.75367,0.62044,0.38495,1.18625,1.40592,[N2_Q_AB_nCi_2_NS1_T_KA_r_MAS]
IB1instance-basedclassifierusing3nearestneighbour(s)forclassification,1,0.79863,0.63693,0.40568,1.07386,1.41664,[N3_Q_AB_nCi_2_NS1_T_KA_r_MAS]
IB1instance-basedclassifierusing3nearestneighbour(s)forclassification,1,0.79567,0.65125,0.42413,1.17965,1.46814,[N2_Q_AB_nCi_2_NS1_T_KA_p_MAS]
IB1instance-basedclassifierusing3nearestneighbour(s)forclassification,1,0.70737,0.70905,0.50275,1.31134,1.27958,[N3_Q_AB_nCi_2_NS0_T_KA_p_MAS]
IB1instance-basedclassifierusing3nearestneighbour(s)forclassification,2,0.78333,0.69854,0.48795,1.12459,1.25776,[N1_Q_AB_nCi_2_NS1_T_KA_v_MAS  N1_Q_AB_nCi_2_NS1_T_KA_p_MAS]
IB1instance-basedclassifierusing3nearestneighbour(s)forclassification,2,0.80257,0.74158,0.54994,1.07958,1.17211,[N2_Q_AB_nCi_2_NS0_T_KA_r_MAS  N1_Q_AB_nCi_2_NS1_T_KA_p_MAS]
IB1instance-basedclassifierusing3nearestneighbour(s)forclassification,2,0.76100,0.65400,0.42772,1.23545,1.31651,[N2_Q_AB_nCi_2_NS1_T_KA_v_MAS  N1_Q_AB_nCi_2_NS1_T_KA_p_MAS]
IB1instance-basedclassifierusing3nearestneighbour(s)forclassification,2,0.82132,0.64080,0.41062,1.05545,1.34822,[N1_Q_AB_nCi_2_NS0_T_KA_e_MAS  N1_Q_AB_nCi_2_NS1_T_KA_p_MAS]
IB1instance-basedclassifierusing3nearestneighbour(s)forclassification,2,0.76472,0.66987,0.44873,1.26232,1.27831,[N2_Q_AB_nCi_2_NS0_T_KA_p_MAS  N1_Q_AB_nCi_2_NS1_T_KA_p_MAS]
IB1instance-basedclassifierusing3nearestneighbour(s)forclassification,2,0.80562,0.69654,0.48516,1.12276,1.36020,[N1_Q_AB_nCi_2_NS1_T_KA_p_MAS  N3_Q_AB_nCi_2_NS1_T_KA_p_MAS]
IB1instance-basedclassifierusing3nearestneighbour(s)forclassification,2,0.81249,0.74926,0.56140,1.05530,1.12629,[N1_Q_AB_nCi_2_NS1_T_KA_p_MAS  N3_Q_AB_nCi_2_NS0_T_KA_r_MAS]
IB1instance-basedclassifierusing3nearestneighbour(s)forclassification,2,0.77029,0.70463,0.49650,1.17583,1.23809,[N1_Q_AB_nCi_2_NS1_T_KA_p_MAS  N1_Q_AB_nCi_2_NS0_T_KA_v_MAS]
IB1instance-basedclassifierusing3nearestneighbour(s)forclassification,2,0.83249,0.62489,0.39049,0.99468,1.38246,[N1_Q_AB_nCi_2_NS1_T_KA_p_MAS  N3_Q_AB_nCi_2_NS0_T_KA_e_MAS]
IB1instance-basedclassifierusing3nearestneighbour(s)forclassification,2,0.80440,0.69423,0.48196,1.08579,1.20965,[N1_Q_AB_nCi_2_NS1_T_KA_p_MAS  N1_Q_AB_nCi_2_NS1_T_KA_e_MAS]
IB1instance-basedclassifierusing3nearestneighbour(s)forclassification,2,0.76055,0.68515,0.46943,1.16885,1.27978,[N1_Q_AB_nCi_2_NS1_T_KA_p_MAS  N2_Q_AB_nCi_2_NS0_T_KA_v_MAS]
IB1instance-basedclassifierusing3nearestneighbour(s)forclassification,2,0.78117,0.66463,0.44173,1.18459,1.32669,[N1_Q_AB_nCi_2_NS1_T_KA_p_MAS  N3_Q_AB_nCi_2_NS1_T_KA_v_MAS]
IB1instance-basedclassifierusing3nearestneighbour(s)forclassification,2,0.80733,0.69988,0.48983,1.10363,1.25803,[N1_Q_AB_nCi_2_NS1_T_KA_p_MAS  N1_Q_AB_nCi_2_NS0_T_KA_r_MAS]
IB1instance-basedclassifierusing3nearestneighbour(s)forclassification,2,0.76970,0.72653,0.52785,1.18159,1.18599,[N1_Q_AB_nCi_2_NS1_T_KA_p_MAS  N2_Q_AB_nCi_2_NS1_T_KA_r_MAS]
IB1instance-basedclassifierusing3nearestneighbour(s)forclassification,2,0.78897,0.72393,0.52407,1.17303,1.19743,[N1_Q_AB_nCi_2_NS1_T_KA_p_MAS  N3_Q_AB_nCi_2_NS1_T_KA_r_MAS]
IB1instance-basedclassifierusing3nearestneighbour(s)forclassification,2,0.82899,0.72443,0.52479,1.06683,1.28336,[N1_Q_AB_nCi_2_NS1_T_KA_p_MAS  N2_Q_AB_nCi_2_NS1_T_KA_p_MAS]
IB1instance-basedclassifierusing3nearestneighbour(s)forclassification,2,0.76712,0.67375,0.45393,1.24264,1.25901,[N1_Q_AB_nCi_2_NS1_T_KA_p_MAS  N3_Q_AB_nCi_2_NS0_T_KA_p_MAS]
IB1instance-basedclassifierusing3nearestneighbour(s)forclassification,3,0.79846,0.76623,0.58711,1.05766,1.05031,[N1_Q_AB_nCi_2_NS1_T_KA_v_MAS  N1_Q_AB_nCi_2_NS1_T_KA_p_MAS  N3_Q_AB_nCi_2_NS0_T_KA_r_MAS]
IB1instance-basedclassifierusing3nearestneighbour(s)forclassification,3,0.81392,0.70972,0.50371,1.07946,1.21669,[N2_Q_AB_nCi_2_NS0_T_KA_r_MAS  N1_Q_AB_nCi_2_NS1_T_KA_p_MAS  N3_Q_AB_nCi_2_NS0_T_KA_r_MAS]
IB1instance-basedclassifierusing3nearestneighbour(s)forclassification,3,0.80366,0.70246,0.49344,1.05656,1.26452,[N2_Q_AB_nCi_2_NS1_T_KA_v_MAS  N1_Q_AB_nCi_2_NS1_T_KA_p_MAS  N3_Q_AB_nCi_2_NS0_T_KA_r_MAS]
IB1instance-basedclassifierusing3nearestneighbour(s)forclassification,3,0.82035,0.67691,0.45821,1.00828,1.31930,[N1_Q_AB_nCi_2_NS0_T_KA_e_MAS  N1_Q_AB_nCi_2_NS1_T_KA_p_MAS  N3_Q_AB_nCi_2_NS0_T_KA_r_MAS]
IB1instance-basedclassifierusing3nearestneighbour(s)forclassification,3,0.84360,0.70245,0.49343,1.00372,1.21197,[N2_Q_AB_nCi_2_NS0_T_KA_p_MAS  N1_Q_AB_nCi_2_NS1_T_KA_p_MAS  N3_Q_AB_nCi_2_NS0_T_KA_r_MAS]
IB1instance-basedclassifierusing3nearestneighbour(s)forclassification,3,0.81511,0.72492,0.52550,1.10909,1.20355,[N1_Q_AB_nCi_2_NS1_T_KA_p_MAS  N3_Q_AB_nCi_2_NS1_T_KA_p_MAS  N3_Q_AB_nCi_2_NS0_T_KA_r_MAS]
IB1instance-basedclassifierusing3nearestneighbour(s)forclassification,3,0.80223,0.71917,0.51720,1.02865,1.22235,[N1_Q_AB_nCi_2_NS1_T_KA_p_MAS  N3_Q_AB_nCi_2_NS0_T_KA_r_MAS  N1_Q_AB_nCi_2_NS0_T_KA_v_MAS]
IB1instance-basedclassifierusing3nearestneighbour(s)forclassification,3,0.84239,0.71452,0.51054,1.01921,1.21013,[N1_Q_AB_nCi_2_NS1_T_KA_p_MAS  N3_Q_AB_nCi_2_NS0_T_KA_r_MAS  N3_Q_AB_nCi_2_NS0_T_KA_e_MAS]
IB1instance-basedclassifierusing3nearestneighbour(s)forclassification,3,0.81675,0.74106,0.54917,1.06590,1.12836,[N1_Q_AB_nCi_2_NS1_T_KA_p_MAS  N3_Q_AB_nCi_2_NS0_T_KA_r_MAS  N1_Q_AB_nCi_2_NS1_T_KA_e_MAS]
IB1instance-basedclassifierusing3nearestneighbour(s)forclassification,3,0.80360,0.68839,0.47388,1.02185,1.25647,[N1_Q_AB_nCi_2_NS1_T_KA_p_MAS  N3_Q_AB_nCi_2_NS0_T_KA_r_MAS  N2_Q_AB_nCi_2_NS0_T_KA_v_MAS]
IB1instance-basedclassifierusing3nearestneighbour(s)forclassification,3,0.82292,0.68245,0.46574,1.06576,1.33533,[N1_Q_AB_nCi_2_NS1_T_KA_p_MAS  N3_Q_AB_nCi_2_NS0_T_KA_r_MAS  N3_Q_AB_nCi_2_NS1_T_KA_v_MAS]
IB1instance-basedclassifierusing3nearestneighbour(s)forclassification,3,0.80600,0.69449,0.48232,1.04850,1.25406,[N1_Q_AB_nCi_2_NS1_T_KA_p_MAS  N3_Q_AB_nCi_2_NS0_T_KA_r_MAS  N1_Q_AB_nCi_2_NS0_T_KA_r_MAS]
IB1instance-basedclassifierusing3nearestneighbour(s)forclassification,3,0.83166,0.66965,0.44844,1.01468,1.34423,[N1_Q_AB_nCi_2_NS1_T_KA_p_MAS  N3_Q_AB_nCi_2_NS0_T_KA_r_MAS  N2_Q_AB_nCi_2_NS1_T_KA_r_MAS]
IB1instance-basedclassifierusing3nearestneighbour(s)forclassification,3,0.84370,0.69469,0.48260,0.95103,1.29346,[N1_Q_AB_nCi_2_NS1_T_KA_p_MAS  N3_Q_AB_nCi_2_NS0_T_KA_r_MAS  N3_Q_AB_nCi_2_NS1_T_KA_r_MAS]
IB1instance-basedclassifierusing3nearestneighbour(s)forclassification,3,0.83776,0.74582,0.55625,1.02559,1.16000,[N1_Q_AB_nCi_2_NS1_T_KA_p_MAS  N3_Q_AB_nCi_2_NS0_T_KA_r_MAS  N2_Q_AB_nCi_2_NS1_T_KA_p_MAS]
IB1instance-basedclassifierusing3nearestneighbour(s)forclassification,3,0.80592,0.70121,0.49170,1.07576,1.21759,[N1_Q_AB_nCi_2_NS1_T_KA_p_MAS  N3_Q_AB_nCi_2_NS0_T_KA_r_MAS  N3_Q_AB_nCi_2_NS0_T_KA_p_MAS]
IB1instance-basedclassifierusing3nearestneighbour(s)forclassification,3,0.79849,0.72873,0.53105,1.05554,1.15268,[N1_Q_AB_nCi_2_NS1_T_KA_v_MAS  N2_Q_AB_nCi_2_NS0_T_KA_r_MAS  N1_Q_AB_nCi_2_NS1_T_KA_p_MAS]
IB1instance-basedclassifierusing3nearestneighbour(s)forclassification,3,0.82483,0.71382,0.50954,1.00348,1.22789,[N2_Q_AB_nCi_2_NS0_T_KA_r_MAS  N2_Q_AB_nCi_2_NS1_T_KA_v_MAS  N1_Q_AB_nCi_2_NS1_T_KA_p_MAS]
IB1instance-basedclassifierusing3nearestneighbour(s)forclassification,3,0.83624,0.68486,0.46903,1.05003,1.30300,[N2_Q_AB_nCi_2_NS0_T_KA_r_MAS  N1_Q_AB_nCi_2_NS0_T_KA_e_MAS  N1_Q_AB_nCi_2_NS1_T_KA_p_MAS]
IB1instance-basedclassifierusing3nearestneighbour(s)forclassification,3,0.85364,0.67871,0.46065,0.97057,1.34101,[N2_Q_AB_nCi_2_NS0_T_KA_r_MAS  N2_Q_AB_nCi_2_NS0_T_KA_p_MAS  N1_Q_AB_nCi_2_NS1_T_KA_p_MAS]
IB1instance-basedclassifierusing3nearestneighbour(s)forclassification,3,0.76523,0.73196,0.53576,1.18115,1.18465,[N2_Q_AB_nCi_2_NS0_T_KA_r_MAS  N1_Q_AB_nCi_2_NS1_T_KA_p_MAS  N3_Q_AB_nCi_2_NS1_T_KA_p_MAS]
IB1instance-basedclassifierusing3nearestneighbour(s)forclassification,3,0.81144,0.70972,0.50371,1.09195,1.21669,[N2_Q_AB_nCi_2_NS0_T_KA_r_MAS  N1_Q_AB_nCi_2_NS1_T_KA_p_MAS  N3_Q_AB_nCi_2_NS0_T_KA_r_MAS]
IB1instance-basedclassifierusing3nearestneighbour(s)forclassification,3,0.80578,0.69844,0.48781,1.02170,1.24195,[N2_Q_AB_nCi_2_NS0_T_KA_r_MAS  N1_Q_AB_nCi_2_NS1_T_KA_p_MAS  N1_Q_AB_nCi_2_NS0_T_KA_v_MAS]
IB1instance-basedclassifierusing3nearestneighbour(s)forclassification,3,0.85679,0.68315,0.46669,0.96232,1.24239,[N2_Q_AB_nCi_2_NS0_T_KA_r_MAS  N1_Q_AB_nCi_2_NS1_T_KA_p_MAS  N3_Q_AB_nCi_2_NS0_T_KA_e_MAS]
IB1instance-basedclassifierusing3nearestneighbour(s)forclassification,3,0.80197,0.72771,0.52957,1.06289,1.16820,[N2_Q_AB_nCi_2_NS0_T_KA_r_MAS  N1_Q_AB_nCi_2_NS1_T_KA_p_MAS  N1_Q_AB_nCi_2_NS1_T_KA_e_MAS]
IB1instance-basedclassifierusing3nearestneighbour(s)forclassification,3,0.81504,0.69428,0.48203,0.99193,1.28570,[N2_Q_AB_nCi_2_NS0_T_KA_r_MAS  N1_Q_AB_nCi_2_NS1_T_KA_p_MAS  N2_Q_AB_nCi_2_NS0_T_KA_v_MAS]
IB1instance-basedclassifierusing3nearestneighbour(s)forclassification,3,0.78975,0.66867,0.44712,1.13735,1.32941,[N2_Q_AB_nCi_2_NS0_T_KA_r_MAS  N1_Q_AB_nCi_2_NS1_T_KA_p_MAS  N3_Q_AB_nCi_2_NS1_T_KA_v_MAS]
IB1instance-basedclassifierusing3nearestneighbour(s)forclassification,3,0.79195,0.68886,0.47453,1.11416,1.30379,[N2_Q_AB_nCi_2_NS0_T_KA_r_MAS  N1_Q_AB_nCi_2_NS1_T_KA_p_MAS  N1_Q_AB_nCi_2_NS0_T_KA_r_MAS]
IB1instance-basedclassifierusing3nearestneighbour(s)forclassification,3,0.81168,0.68590,0.47047,1.05175,1.27943,[N2_Q_AB_nCi_2_NS0_T_KA_r_MAS  N1_Q_AB_nCi_2_NS1_T_KA_p_MAS  N2_Q_AB_nCi_2_NS1_T_KA_r_MAS]
IB1instance-basedclassifierusing3nearestneighbour(s)forclassification,3,0.79843,0.68062,0.46325,1.06332,1.33219,[N2_Q_AB_nCi_2_NS0_T_KA_r_MAS  N1_Q_AB_nCi_2_NS1_T_KA_p_MAS  N3_Q_AB_nCi_2_NS1_T_KA_r_MAS]
IB1instance-basedclassifierusing3nearestneighbour(s)forclassification,3,0.83583,0.71698,0.51406,1.01117,1.22055,[N2_Q_AB_nCi_2_NS0_T_KA_r_MAS  N1_Q_AB_nCi_2_NS1_T_KA_p_MAS  N2_Q_AB_nCi_2_NS1_T_KA_p_MAS]
IB1instance-basedclassifierusing3nearestneighbour(s)forclassification,3,0.83056,0.72504,0.52569,1.02289,1.15088,[N2_Q_AB_nCi_2_NS0_T_KA_r_MAS  N1_Q_AB_nCi_2_NS1_T_KA_p_MAS  N3_Q_AB_nCi_2_NS0_T_KA_p_MAS]
IB1instance-basedclassifierusing4nearestneighbour(s)forclassification,1,0.81333,0.61046,0.37266,1.10669,1.38396,[N1_Q_AB_nCi_2_NS1_T_KA_v_MAS]
IB1instance-basedclassifierusing4nearestneighbour(s)forclassification,1,0.49990,0.43575,0.18988,1.65661,1.73145,[N2_Q_AB_nCi_2_NS0_T_KA_r_MAS]
IB1instance-basedclassifierusing4nearestneighbour(s)forclassification,1,0.76705,0.55818,0.31157,1.21078,1.52620,[N2_Q_AB_nCi_2_NS1_T_KA_v_MAS]
IB1instance-basedclassifierusing4nearestneighbour(s)forclassification,1,0.79902,0.55059,0.30314,1.07788,1.67718,[N1_Q_AB_nCi_2_NS0_T_KA_e_MAS]
IB1instance-basedclassifierusing4nearestneighbour(s)forclassification,1,0.76383,0.71147,0.50620,1.24822,1.19645,[N2_Q_AB_nCi_2_NS0_T_KA_p_MAS]
IB1instance-basedclassifierusing4nearestneighbour(s)forclassification,1,0.75819,0.69153,0.47822,1.26609,1.23329,[N1_Q_AB_nCi_2_NS1_T_KA_p_MAS]
IB1instance-basedclassifierusing4nearestneighbour(s)forclassification,1,0.73667,0.59817,0.35781,1.26271,1.52392,[N3_Q_AB_nCi_2_NS1_T_KA_p_MAS]
IB1instance-basedclassifierusing4nearestneighbour(s)forclassification,1,0.69892,0.55147,0.30412,1.33357,1.52891,[N3_Q_AB_nCi_2_NS0_T_KA_r_MAS]
IB1instance-basedclassifierusing4nearestneighbour(s)forclassification,1,0.79995,0.63377,0.40167,1.09762,1.42011,[N1_Q_AB_nCi_2_NS0_T_KA_v_MAS]
IB1instance-basedclassifierusing4nearestneighbour(s)forclassification,1,0.79402,0.52189,0.27237,1.10563,1.63654,[N3_Q_AB_nCi_2_NS0_T_KA_e_MAS]
IB1instance-basedclassifierusing4nearestneighbour(s)forclassification,1,0.80555,0.54887,0.30126,1.08496,1.54741,[N1_Q_AB_nCi_2_NS1_T_KA_e_MAS]
IB1instance-basedclassifierusing4nearestneighbour(s)forclassification,1,0.77166,0.63370,0.40157,1.14777,1.52874,[N2_Q_AB_nCi_2_NS0_T_KA_v_MAS]
IB1instance-basedclassifierusing4nearestneighbour(s)forclassification,1,0.73694,0.57426,0.32977,1.26143,1.47714,[N3_Q_AB_nCi_2_NS1_T_KA_v_MAS]
IB1instance-basedclassifierusing4nearestneighbour(s)forclassification,1,0.78527,0.59120,0.34952,1.10006,1.48937,[N1_Q_AB_nCi_2_NS0_T_KA_r_MAS]
IB1instance-basedclassifierusing4nearestneighbour(s)forclassification,1,0.78249,0.62587,0.39172,1.15484,1.36083,[N2_Q_AB_nCi_2_NS1_T_KA_r_MAS]
IB1instance-basedclassifierusing4nearestneighbour(s)forclassification,1,0.79328,0.63286,0.40051,1.13659,1.40821,[N3_Q_AB_nCi_2_NS1_T_KA_r_MAS]
IB1instance-basedclassifierusing4nearestneighbour(s)forclassification,1,0.79050,0.64406,0.41481,1.20455,1.43404,[N2_Q_AB_nCi_2_NS1_T_KA_p_MAS]
IB1instance-basedclassifierusing4nearestneighbour(s)forclassification,1,0.72037,0.71296,0.50832,1.27256,1.27241,[N3_Q_AB_nCi_2_NS0_T_KA_p_MAS]
IB1instance-basedclassifierusing4nearestneighbour(s)forclassification,2,0.80471,0.74896,0.56095,1.14480,1.17082,[N1_Q_AB_nCi_2_NS1_T_KA_v_MAS  N3_Q_AB_nCi_2_NS0_T_KA_p_MAS]
IB1instance-basedclassifierusing4nearestneighbour(s)forclassification,2,0.81186,0.72788,0.52981,1.11845,1.28467,[N2_Q_AB_nCi_2_NS0_T_KA_r_MAS  N3_Q_AB_nCi_2_NS0_T_KA_p_MAS]
IB1instance-basedclassifierusing4nearestneighbour(s)forclassification,2,0.72852,0.71737,0.51462,1.29837,1.19149,[N2_Q_AB_nCi_2_NS1_T_KA_v_MAS  N3_Q_AB_nCi_2_NS0_T_KA_p_MAS]
IB1instance-basedclassifierusing4nearestneighbour(s)forclassification,2,0.80242,0.71755,0.51488,1.07428,1.22016,[N1_Q_AB_nCi_2_NS0_T_KA_e_MAS  N3_Q_AB_nCi_2_NS0_T_KA_p_MAS]
IB1instance-basedclassifierusing4nearestneighbour(s)forclassification,2,0.74155,0.66707,0.44498,1.31005,1.23737,[N2_Q_AB_nCi_2_NS0_T_KA_p_MAS  N3_Q_AB_nCi_2_NS0_T_KA_p_MAS]
IB1instance-basedclassifierusing4nearestneighbour(s)forclassification,2,0.77877,0.66810,0.44635,1.23278,1.26114,[N1_Q_AB_nCi_2_NS1_T_KA_p_MAS  N3_Q_AB_nCi_2_NS0_T_KA_p_MAS]
IB1instance-basedclassifierusing4nearestneighbour(s)forclassification,2,0.75519,0.65067,0.42337,1.19727,1.39016,[N3_Q_AB_nCi_2_NS1_T_KA_p_MAS  N3_Q_AB_nCi_2_NS0_T_KA_p_MAS]
IB1instance-basedclassifierusing4nearestneighbour(s)forclassification,2,0.80790,0.68254,0.46587,1.10124,1.28979,[N3_Q_AB_nCi_2_NS0_T_KA_r_MAS  N3_Q_AB_nCi_2_NS0_T_KA_p_MAS]
IB1instance-basedclassifierusing4nearestneighbour(s)forclassification,2,0.76219,0.68576,0.47027,1.22328,1.24853,[N1_Q_AB_nCi_2_NS0_T_KA_v_MAS  N3_Q_AB_nCi_2_NS0_T_KA_p_MAS]
IB1instance-basedclassifierusing4nearestneighbour(s)forclassification,2,0.83538,0.73383,0.53851,0.99567,1.20930,[N3_Q_AB_nCi_2_NS0_T_KA_e_MAS  N3_Q_AB_nCi_2_NS0_T_KA_p_MAS]
IB1instance-basedclassifierusing4nearestneighbour(s)forclassification,2,0.78607,0.72465,0.52512,1.15457,1.16195,[N1_Q_AB_nCi_2_NS1_T_KA_e_MAS  N3_Q_AB_nCi_2_NS0_T_KA_p_MAS]
IB1instance-basedclassifierusing4nearestneighbour(s)forclassification,2,0.77469,0.70776,0.50093,1.16187,1.23233,[N2_Q_AB_nCi_2_NS0_T_KA_v_MAS  N3_Q_AB_nCi_2_NS0_T_KA_p_MAS]
IB1instance-basedclassifierusing4nearestneighbour(s)forclassification,2,0.73430,0.67210,0.45172,1.27775,1.31621,[N3_Q_AB_nCi_2_NS1_T_KA_v_MAS  N3_Q_AB_nCi_2_NS0_T_KA_p_MAS]
IB1instance-basedclassifierusing4nearestneighbour(s)forclassification,2,0.80459,0.74776,0.55914,1.05702,1.10057,[N1_Q_AB_nCi_2_NS0_T_KA_r_MAS  N3_Q_AB_nCi_2_NS0_T_KA_p_MAS]
IB1instance-basedclassifierusing4nearestneighbour(s)forclassification,2,0.74010,0.64360,0.41423,1.26550,1.36734,[N2_Q_AB_nCi_2_NS1_T_KA_r_MAS  N3_Q_AB_nCi_2_NS0_T_KA_p_MAS]
IB1instance-basedclassifierusing4nearestneighbour(s)forclassification,2,0.74488,0.64499,0.41601,1.25035,1.36849,[N3_Q_AB_nCi_2_NS1_T_KA_r_MAS  N3_Q_AB_nCi_2_NS0_T_KA_p_MAS]
IB1instance-basedclassifierusing4nearestneighbour(s)forclassification,2,0.75422,0.66000,0.43561,1.21631,1.35459,[N2_Q_AB_nCi_2_NS1_T_KA_p_MAS  N3_Q_AB_nCi_2_NS0_T_KA_p_MAS]
IB1instance-basedclassifierusing4nearestneighbour(s)forclassification,3,0.80932,0.72391,0.52405,1.07178,1.24187,[N1_Q_AB_nCi_2_NS1_T_KA_v_MAS  N2_Q_AB_nCi_2_NS0_T_KA_r_MAS  N3_Q_AB_nCi_2_NS0_T_KA_p_MAS]
IB1instance-basedclassifierusing4nearestneighbour(s)forclassification,3,0.78182,0.71399,0.50978,1.15612,1.25107,[N1_Q_AB_nCi_2_NS1_T_KA_v_MAS  N2_Q_AB_nCi_2_NS1_T_KA_v_MAS  N3_Q_AB_nCi_2_NS0_T_KA_p_MAS]
IB1instance-basedclassifierusing4nearestneighbour(s)forclassification,3,0.81522,0.72085,0.51962,1.05134,1.23400,[N1_Q_AB_nCi_2_NS1_T_KA_v_MAS  N1_Q_AB_nCi_2_NS0_T_KA_e_MAS  N3_Q_AB_nCi_2_NS0_T_KA_p_MAS]
IB1instance-basedclassifierusing4nearestneighbour(s)forclassification,3,0.77653,0.68259,0.46593,1.21259,1.30003,[N1_Q_AB_nCi_2_NS1_T_KA_v_MAS  N2_Q_AB_nCi_2_NS0_T_KA_p_MAS  N3_Q_AB_nCi_2_NS0_T_KA_p_MAS]
IB1instance-basedclassifierusing4nearestneighbour(s)forclassification,3,0.79305,0.74833,0.56000,1.17691,1.13691,[N1_Q_AB_nCi_2_NS1_T_KA_v_MAS  N1_Q_AB_nCi_2_NS1_T_KA_p_MAS  N3_Q_AB_nCi_2_NS0_T_KA_p_MAS]
IB1instance-basedclassifierusing4nearestneighbour(s)forclassification,3,0.78717,0.73246,0.53649,1.15684,1.15162,[N1_Q_AB_nCi_2_NS1_T_KA_v_MAS  N3_Q_AB_nCi_2_NS1_T_KA_p_MAS  N3_Q_AB_nCi_2_NS0_T_KA_p_MAS]
IB1instance-basedclassifierusing4nearestneighbour(s)forclassification,3,0.78539,0.70841,0.50185,1.10029,1.30783,[N1_Q_AB_nCi_2_NS1_T_KA_v_MAS  N3_Q_AB_nCi_2_NS0_T_KA_r_MAS  N3_Q_AB_nCi_2_NS0_T_KA_p_MAS]
IB1instance-basedclassifierusing4nearestneighbour(s)forclassification,3,0.79045,0.72397,0.52414,1.12434,1.25284,[N1_Q_AB_nCi_2_NS1_T_KA_v_MAS  N1_Q_AB_nCi_2_NS0_T_KA_v_MAS  N3_Q_AB_nCi_2_NS0_T_KA_p_MAS]
IB1instance-basedclassifierusing4nearestneighbour(s)forclassification,3,0.83153,0.70171,0.49239,1.01735,1.27395,[N1_Q_AB_nCi_2_NS1_T_KA_v_MAS  N3_Q_AB_nCi_2_NS0_T_KA_e_MAS  N3_Q_AB_nCi_2_NS0_T_KA_p_MAS]
IB1instance-basedclassifierusing4nearestneighbour(s)forclassification,3,0.79565,0.73649,0.54242,1.15837,1.17082,[N1_Q_AB_nCi_2_NS1_T_KA_v_MAS  N1_Q_AB_nCi_2_NS1_T_KA_e_MAS  N3_Q_AB_nCi_2_NS0_T_KA_p_MAS]
IB1instance-basedclassifierusing4nearestneighbour(s)forclassification,3,0.78125,0.72981,0.53263,1.13714,1.22171,[N1_Q_AB_nCi_2_NS1_T_KA_v_MAS  N2_Q_AB_nCi_2_NS0_T_KA_v_MAS  N3_Q_AB_nCi_2_NS0_T_KA_p_MAS]
IB1instance-basedclassifierusing4nearestneighbour(s)forclassification,3,0.79053,0.69168,0.47842,1.12403,1.27651,[N1_Q_AB_nCi_2_NS1_T_KA_v_MAS  N3_Q_AB_nCi_2_NS1_T_KA_v_MAS  N3_Q_AB_nCi_2_NS0_T_KA_p_MAS]
IB1instance-basedclassifierusing4nearestneighbour(s)forclassification,3,0.82634,0.71502,0.51125,1.00421,1.26859,[N1_Q_AB_nCi_2_NS1_T_KA_v_MAS  N1_Q_AB_nCi_2_NS0_T_KA_r_MAS  N3_Q_AB_nCi_2_NS0_T_KA_p_MAS]
IB1instance-basedclassifierusing4nearestneighbour(s)forclassification,3,0.76562,0.71174,0.50657,1.17555,1.25476,[N1_Q_AB_nCi_2_NS1_T_KA_v_MAS  N2_Q_AB_nCi_2_NS1_T_KA_r_MAS  N3_Q_AB_nCi_2_NS0_T_KA_p_MAS]
IB1instance-basedclassifierusing4nearestneighbour(s)forclassification,3,0.79248,0.69638,0.48495,1.13048,1.31049,[N1_Q_AB_nCi_2_NS1_T_KA_v_MAS  N3_Q_AB_nCi_2_NS1_T_KA_r_MAS  N3_Q_AB_nCi_2_NS0_T_KA_p_MAS]
IB1instance-basedclassifierusing4nearestneighbour(s)forclassification,3,0.79546,0.71336,0.50889,1.15307,1.20105,[N1_Q_AB_nCi_2_NS1_T_KA_v_MAS  N2_Q_AB_nCi_2_NS1_T_KA_p_MAS  N3_Q_AB_nCi_2_NS0_T_KA_p_MAS]
IB1instance-basedclassifierusing4nearestneighbour(s)forclassification,3,0.80761,0.71502,0.51125,1.05062,1.26859,[N1_Q_AB_nCi_2_NS1_T_KA_v_MAS  N1_Q_AB_nCi_2_NS0_T_KA_r_MAS  N3_Q_AB_nCi_2_NS0_T_KA_p_MAS]
IB1instance-basedclassifierusing4nearestneighbour(s)forclassification,3,0.79771,0.72316,0.52296,1.09599,1.26995,[N2_Q_AB_nCi_2_NS0_T_KA_r_MAS  N1_Q_AB_nCi_2_NS0_T_KA_r_MAS  N3_Q_AB_nCi_2_NS0_T_KA_p_MAS]
IB1instance-basedclassifierusing4nearestneighbour(s)forclassification,3,0.82173,0.72108,0.51996,1.06328,1.24601,[N2_Q_AB_nCi_2_NS1_T_KA_v_MAS  N1_Q_AB_nCi_2_NS0_T_KA_r_MAS  N3_Q_AB_nCi_2_NS0_T_KA_p_MAS]
IB1instance-basedclassifierusing4nearestneighbour(s)forclassification,3,0.81549,0.73970,0.54716,1.03148,1.19266,[N1_Q_AB_nCi_2_NS0_T_KA_e_MAS  N1_Q_AB_nCi_2_NS0_T_KA_r_MAS  N3_Q_AB_nCi_2_NS0_T_KA_p_MAS]
IB1instance-basedclassifierusing4nearestneighbour(s)forclassification,3,0.76002,0.74103,0.54913,1.19887,1.23353,[N2_Q_AB_nCi_2_NS0_T_KA_p_MAS  N1_Q_AB_nCi_2_NS0_T_KA_r_MAS  N3_Q_AB_nCi_2_NS0_T_KA_p_MAS]
IB1instance-basedclassifierusing4nearestneighbour(s)forclassification,3,0.79619,0.73408,0.53887,1.11117,1.24650,[N1_Q_AB_nCi_2_NS1_T_KA_p_MAS  N1_Q_AB_nCi_2_NS0_T_KA_r_MAS  N3_Q_AB_nCi_2_NS0_T_KA_p_MAS]
IB1instance-basedclassifierusing4nearestneighbour(s)forclassification,3,0.79712,0.70190,0.49266,1.08573,1.28309,[N3_Q_AB_nCi_2_NS1_T_KA_p_MAS  N1_Q_AB_nCi_2_NS0_T_KA_r_MAS  N3_Q_AB_nCi_2_NS0_T_KA_p_MAS]
IB1instance-basedclassifierusing4nearestneighbour(s)forclassification,3,0.78786,0.73582,0.54143,1.12985,1.20104,[N3_Q_AB_nCi_2_NS0_T_KA_r_MAS  N1_Q_AB_nCi_2_NS0_T_KA_r_MAS  N3_Q_AB_nCi_2_NS0_T_KA_p_MAS]
IB1instance-basedclassifierusing4nearestneighbour(s)forclassification,3,0.79392,0.72897,0.53139,1.07035,1.23730,[N1_Q_AB_nCi_2_NS0_T_KA_v_MAS  N1_Q_AB_nCi_2_NS0_T_KA_r_MAS  N3_Q_AB_nCi_2_NS0_T_KA_p_MAS]
IB1instance-basedclassifierusing4nearestneighbour(s)forclassification,3,0.83257,0.73653,0.54247,1.01082,1.14849,[N3_Q_AB_nCi_2_NS0_T_KA_e_MAS  N1_Q_AB_nCi_2_NS0_T_KA_r_MAS  N3_Q_AB_nCi_2_NS0_T_KA_p_MAS]
IB1instance-basedclassifierusing4nearestneighbour(s)forclassification,3,0.79161,0.74242,0.55119,1.07482,1.17542,[N1_Q_AB_nCi_2_NS1_T_KA_e_MAS  N1_Q_AB_nCi_2_NS0_T_KA_r_MAS  N3_Q_AB_nCi_2_NS0_T_KA_p_MAS]
IB1instance-basedclassifierusing4nearestneighbour(s)forclassification,3,0.79372,0.74195,0.55049,1.10660,1.17430,[N2_Q_AB_nCi_2_NS0_T_KA_v_MAS  N1_Q_AB_nCi_2_NS0_T_KA_r_MAS  N3_Q_AB_nCi_2_NS0_T_KA_p_MAS]
IB1instance-basedclassifierusing4nearestneighbour(s)forclassification,3,0.76671,0.69887,0.48841,1.15260,1.26251,[N3_Q_AB_nCi_2_NS1_T_KA_v_MAS  N1_Q_AB_nCi_2_NS0_T_KA_r_MAS  N3_Q_AB_nCi_2_NS0_T_KA_p_MAS]
IB1instance-basedclassifierusing4nearestneighbour(s)forclassification,3,0.81829,0.71935,0.51746,1.02053,1.22675,[N1_Q_AB_nCi_2_NS0_T_KA_r_MAS  N2_Q_AB_nCi_2_NS1_T_KA_r_MAS  N3_Q_AB_nCi_2_NS0_T_KA_p_MAS]
IB1instance-basedclassifierusing4nearestneighbour(s)forclassification,3,0.79101,0.72258,0.52212,1.11930,1.22125,[N1_Q_AB_nCi_2_NS0_T_KA_r_MAS  N3_Q_AB_nCi_2_NS1_T_KA_r_MAS  N3_Q_AB_nCi_2_NS0_T_KA_p_MAS]
IB1instance-basedclassifierusing4nearestneighbour(s)forclassification,3,0.81453,0.70390,0.49547,1.04511,1.30254,[N1_Q_AB_nCi_2_NS0_T_KA_r_MAS  N2_Q_AB_nCi_2_NS1_T_KA_p_MAS  N3_Q_AB_nCi_2_NS0_T_KA_p_MAS]
IB1instance-basedclassifierusing5nearestneighbour(s)forclassification,1,0.81479,0.61454,0.37766,1.10238,1.44384,[N1_Q_AB_nCi_2_NS1_T_KA_v_MAS]
IB1instance-basedclassifierusing5nearestneighbour(s)forclassification,1,0.52901,0.42190,0.17800,1.63064,1.75732,[N2_Q_AB_nCi_2_NS0_T_KA_r_MAS]
IB1instance-basedclassifierusing5nearestneighbour(s)forclassification,1,0.77752,0.59639,0.35569,1.20481,1.46766,[N2_Q_AB_nCi_2_NS1_T_KA_v_MAS]
IB1instance-basedclassifierusing5nearestneighbour(s)forclassification,1,0.82367,0.55592,0.30905,1.03666,1.64334,[N1_Q_AB_nCi_2_NS0_T_KA_e_MAS]
IB1instance-basedclassifierusing5nearestneighbour(s)forclassification,1,0.77768,0.72197,0.52123,1.20619,1.18974,[N2_Q_AB_nCi_2_NS0_T_KA_p_MAS]
IB1instance-basedclassifierusing5nearestneighbour(s)forclassification,1,0.77372,0.65761,0.43245,1.22881,1.34052,[N1_Q_AB_nCi_2_NS1_T_KA_p_MAS]
IB1instance-basedclassifierusing5nearestneighbour(s)forclassification,1,0.76802,0.57522,0.33088,1.16120,1.52234,[N3_Q_AB_nCi_2_NS1_T_KA_p_MAS]
IB1instance-basedclassifierusing5nearestneighbour(s)forclassification,1,0.62241,0.54525,0.29729,1.45618,1.50459,[N3_Q_AB_nCi_2_NS0_T_KA_r_MAS]
IB1instance-basedclassifierusing5nearestneighbour(s)forclassification,1,0.79115,0.63044,0.39746,1.13751,1.48172,[N1_Q_AB_nCi_2_NS0_T_KA_v_MAS]
IB1instance-basedclassifierusing5nearestneighbour(s)forclassification,1,0.83717,0.53510,0.28633,1.00281,1.61577,[N3_Q_AB_nCi_2_NS0_T_KA_e_MAS]
IB1instance-basedclassifierusing5nearestneighbour(s)forclassification,1,0.82889,0.58180,0.33850,1.03445,1.49080,[N1_Q_AB_nCi_2_NS1_T_KA_e_MAS]
IB1instance-basedclassifierusing5nearestneighbour(s)forclassification,1,0.79979,0.64228,0.41252,1.08209,1.48294,[N2_Q_AB_nCi_2_NS0_T_KA_v_MAS]
IB1instance-basedclassifierusing5nearestneighbour(s)forclassification,1,0.73380,0.58877,0.34665,1.29423,1.47470,[N3_Q_AB_nCi_2_NS1_T_KA_v_MAS]
IB1instance-basedclassifierusing5nearestneighbour(s)forclassification,1,0.80967,0.59820,0.35784,1.07694,1.47018,[N1_Q_AB_nCi_2_NS0_T_KA_r_MAS]
IB1instance-basedclassifierusing5nearestneighbour(s)forclassification,1,0.76546,0.63495,0.40316,1.22473,1.38569,[N2_Q_AB_nCi_2_NS1_T_KA_r_MAS]
IB1instance-basedclassifierusing5nearestneighbour(s)forclassification,1,0.75817,0.63606,0.40457,1.17060,1.38983,[N3_Q_AB_nCi_2_NS1_T_KA_r_MAS]
IB1instance-basedclassifierusing5nearestneighbour(s)forclassification,1,0.80446,0.64412,0.41489,1.14229,1.40852,[N2_Q_AB_nCi_2_NS1_T_KA_p_MAS]
IB1instance-basedclassifierusing5nearestneighbour(s)forclassification,1,0.70169,0.71312,0.50855,1.34022,1.27324,[N3_Q_AB_nCi_2_NS0_T_KA_p_MAS]
IB1instance-basedclassifierusing5nearestneighbour(s)forclassification,2,0.81087,0.72613,0.52727,1.12998,1.20396,[N1_Q_AB_nCi_2_NS1_T_KA_v_MAS  N2_Q_AB_nCi_2_NS0_T_KA_p_MAS]
IB1instance-basedclassifierusing5nearestneighbour(s)forclassification,2,0.81728,0.72457,0.52500,1.08259,1.34111,[N2_Q_AB_nCi_2_NS0_T_KA_r_MAS  N2_Q_AB_nCi_2_NS0_T_KA_p_MAS]
IB1instance-basedclassifierusing5nearestneighbour(s)forclassification,2,0.76007,0.67464,0.45514,1.21414,1.26674,[N2_Q_AB_nCi_2_NS1_T_KA_v_MAS  N2_Q_AB_nCi_2_NS0_T_KA_p_MAS]
IB1instance-basedclassifierusing5nearestneighbour(s)forclassification,2,0.82076,0.70267,0.49374,1.07312,1.24296,[N1_Q_AB_nCi_2_NS0_T_KA_e_MAS  N2_Q_AB_nCi_2_NS0_T_KA_p_MAS]
IB1instance-basedclassifierusing5nearestneighbour(s)forclassification,2,0.77213,0.66766,0.44577,1.23285,1.25367,[N2_Q_AB_nCi_2_NS0_T_KA_p_MAS  N1_Q_AB_nCi_2_NS1_T_KA_p_MAS]
IB1instance-basedclassifierusing5nearestneighbour(s)forclassification,2,0.80930,0.69063,0.47696,1.11439,1.31909,[N2_Q_AB_nCi_2_NS0_T_KA_p_MAS  N3_Q_AB_nCi_2_NS1_T_KA_p_MAS]
IB1instance-basedclassifierusing5nearestneighbour(s)forclassification,2,0.83203,0.73303,0.53734,1.05581,1.22078,[N2_Q_AB_nCi_2_NS0_T_KA_p_MAS  N3_Q_AB_nCi_2_NS0_T_KA_r_MAS]
IB1instance-basedclassifierusing5nearestneighbour(s)forclassification,2,0.81681,0.70525,0.49738,1.08903,1.26294,[N2_Q_AB_nCi_2_NS0_T_KA_p_MAS  N1_Q_AB_nCi_2_NS0_T_KA_v_MAS]
IB1instance-basedclassifierusing5nearestneighbour(s)forclassification,2,0.83102,0.70673,0.49947,1.00694,1.25688,[N2_Q_AB_nCi_2_NS0_T_KA_p_MAS  N3_Q_AB_nCi_2_NS0_T_KA_e_MAS]
IB1instance-basedclassifierusing5nearestneighbour(s)forclassification,2,0.81256,0.69215,0.47907,1.13014,1.25661,[N2_Q_AB_nCi_2_NS0_T_KA_p_MAS  N1_Q_AB_nCi_2_NS1_T_KA_e_MAS]
IB1instance-basedclassifierusing5nearestneighbour(s)forclassification,2,0.81241,0.71673,0.51370,1.08702,1.22708,[N2_Q_AB_nCi_2_NS0_T_KA_p_MAS  N2_Q_AB_nCi_2_NS0_T_KA_v_MAS]
IB1instance-basedclassifierusing5nearestneighbour(s)forclassification,2,0.76516,0.66110,0.43706,1.20282,1.35363,[N2_Q_AB_nCi_2_NS0_T_KA_p_MAS  N3_Q_AB_nCi_2_NS1_T_KA_v_MAS]
IB1instance-basedclassifierusing5nearestneighbour(s)forclassification,2,0.81009,0.71950,0.51768,1.07021,1.23798,[N2_Q_AB_nCi_2_NS0_T_KA_p_MAS  N1_Q_AB_nCi_2_NS0_T_KA_r_MAS]
IB1instance-basedclassifierusing5nearestneighbour(s)forclassification,2,0.71392,0.66248,0.43888,1.30644,1.34768,[N2_Q_AB_nCi_2_NS0_T_KA_p_MAS  N2_Q_AB_nCi_2_NS1_T_KA_r_MAS]
IB1instance-basedclassifierusing5nearestneighbour(s)forclassification,2,0.78464,0.67775,0.45935,1.15225,1.31068,[N2_Q_AB_nCi_2_NS0_T_KA_p_MAS  N3_Q_AB_nCi_2_NS1_T_KA_r_MAS]
IB1instance-basedclassifierusing5nearestneighbour(s)forclassification,2,0.78607,0.66321,0.43984,1.16664,1.40708,[N2_Q_AB_nCi_2_NS0_T_KA_p_MAS  N2_Q_AB_nCi_2_NS1_T_KA_p_MAS]
IB1instance-basedclassifierusing5nearestneighbour(s)forclassification,2,0.76111,0.65627,0.43069,1.26367,1.26396,[N2_Q_AB_nCi_2_NS0_T_KA_p_MAS  N3_Q_AB_nCi_2_NS0_T_KA_p_MAS]
IB1instance-basedclassifierusing5nearestneighbour(s)forclassification,3,0.77909,0.71801,0.51553,1.16554,1.26032,[N1_Q_AB_nCi_2_NS1_T_KA_v_MAS  N2_Q_AB_nCi_2_NS0_T_KA_p_MAS  N3_Q_AB_nCi_2_NS0_T_KA_r_MAS]
IB1instance-basedclassifierusing5nearestneighbour(s)forclassification,3,0.81920,0.70602,0.49846,1.07694,1.29126,[N2_Q_AB_nCi_2_NS0_T_KA_r_MAS  N2_Q_AB_nCi_2_NS0_T_KA_p_MAS  N3_Q_AB_nCi_2_NS0_T_KA_r_MAS]
IB1instance-basedclassifierusing5nearestneighbour(s)forclassification,3,0.79616,0.72410,0.52432,1.14549,1.24632,[N2_Q_AB_nCi_2_NS1_T_KA_v_MAS  N2_Q_AB_nCi_2_NS0_T_KA_p_MAS  N3_Q_AB_nCi_2_NS0_T_KA_r_MAS]
IB1instance-basedclassifierusing5nearestneighbour(s)forclassification,3,0.83634,0.70554,0.49779,1.00386,1.24482,[N1_Q_AB_nCi_2_NS0_T_KA_e_MAS  N2_Q_AB_nCi_2_NS0_T_KA_p_MAS  N3_Q_AB_nCi_2_NS0_T_KA_r_MAS]
IB1instance-basedclassifierusing5nearestneighbour(s)forclassification,3,0.83598,0.70206,0.49288,1.04782,1.26376,[N2_Q_AB_nCi_2_NS0_T_KA_p_MAS  N1_Q_AB_nCi_2_NS1_T_KA_p_MAS  N3_Q_AB_nCi_2_NS0_T_KA_r_MAS]
IB1instance-basedclassifierusing5nearestneighbour(s)forclassification,3,0.81186,0.75706,0.57313,1.09636,1.11024,[N2_Q_AB_nCi_2_NS0_T_KA_p_MAS  N3_Q_AB_nCi_2_NS1_T_KA_p_MAS  N3_Q_AB_nCi_2_NS0_T_KA_r_MAS]
IB1instance-basedclassifierusing5nearestneighbour(s)forclassification,3,0.80130,0.72196,0.52122,1.06323,1.23931,[N2_Q_AB_nCi_2_NS0_T_KA_p_MAS  N3_Q_AB_nCi_2_NS0_T_KA_r_MAS  N1_Q_AB_nCi_2_NS0_T_KA_v_MAS]
IB1instance-basedclassifierusing5nearestneighbour(s)forclassification,3,0.83860,0.72790,0.52984,0.99133,1.21225,[N2_Q_AB_nCi_2_NS0_T_KA_p_MAS  N3_Q_AB_nCi_2_NS0_T_KA_r_MAS  N3_Q_AB_nCi_2_NS0_T_KA_e_MAS]
IB1instance-basedclassifierusing5nearestneighbour(s)forclassification,3,0.81368,0.73753,0.54395,1.12346,1.18424,[N2_Q_AB_nCi_2_NS0_T_KA_p_MAS  N3_Q_AB_nCi_2_NS0_T_KA_r_MAS  N1_Q_AB_nCi_2_NS1_T_KA_e_MAS]
IB1instance-basedclassifierusing5nearestneighbour(s)forclassification,3,0.81312,0.71423,0.51013,1.05103,1.27546,[N2_Q_AB_nCi_2_NS0_T_KA_p_MAS  N3_Q_AB_nCi_2_NS0_T_KA_r_MAS  N2_Q_AB_nCi_2_NS0_T_KA_v_MAS]
IB1instance-basedclassifierusing5nearestneighbour(s)forclassification,3,0.78367,0.67630,0.45738,1.16061,1.38019,[N2_Q_AB_nCi_2_NS0_T_KA_p_MAS  N3_Q_AB_nCi_2_NS0_T_KA_r_MAS  N3_Q_AB_nCi_2_NS1_T_KA_v_MAS]
IB1instance-basedclassifierusing5nearestneighbour(s)forclassification,3,0.80392,0.72440,0.52476,1.08523,1.22864,[N2_Q_AB_nCi_2_NS0_T_KA_p_MAS  N3_Q_AB_nCi_2_NS0_T_KA_r_MAS  N1_Q_AB_nCi_2_NS0_T_KA_r_MAS]
IB1instance-basedclassifierusing5nearestneighbour(s)forclassification,3,0.79595,0.69000,0.47610,1.17027,1.36996,[N2_Q_AB_nCi_2_NS0_T_KA_p_MAS  N3_Q_AB_nCi_2_NS0_T_KA_r_MAS  N2_Q_AB_nCi_2_NS1_T_KA_r_MAS]
IB1instance-basedclassifierusing5nearestneighbour(s)forclassification,3,0.77893,0.68876,0.47438,1.18859,1.36264,[N2_Q_AB_nCi_2_NS0_T_KA_p_MAS  N3_Q_AB_nCi_2_NS0_T_KA_r_MAS  N3_Q_AB_nCi_2_NS1_T_KA_r_MAS]
IB1instance-basedclassifierusing5nearestneighbour(s)forclassification,3,0.82666,0.75778,0.57423,1.05189,1.14125,[N2_Q_AB_nCi_2_NS0_T_KA_p_MAS  N3_Q_AB_nCi_2_NS0_T_KA_r_MAS  N2_Q_AB_nCi_2_NS1_T_KA_p_MAS]
IB1instance-basedclassifierusing5nearestneighbour(s)forclassification,3,0.79784,0.73124,0.53472,1.11443,1.17386,[N2_Q_AB_nCi_2_NS0_T_KA_p_MAS  N3_Q_AB_nCi_2_NS0_T_KA_r_MAS  N3_Q_AB_nCi_2_NS0_T_KA_p_MAS]
IB1instance-basedclassifierusing6nearestneighbour(s)forclassification,1,0.81270,0.62561,0.39139,1.13691,1.41130,[N1_Q_AB_nCi_2_NS1_T_KA_v_MAS]
IB1instance-basedclassifierusing6nearestneighbour(s)forclassification,1,0.46772,0.35067,0.12297,1.72215,1.81340,[N2_Q_AB_nCi_2_NS0_T_KA_r_MAS]
IB1instance-basedclassifierusing6nearestneighbour(s)forclassification,1,0.77184,0.61601,0.37947,1.22354,1.42039,[N2_Q_AB_nCi_2_NS1_T_KA_v_MAS]
IB1instance-basedclassifierusing6nearestneighbour(s)forclassification,1,0.81915,0.55846,0.31188,1.05221,1.61105,[N1_Q_AB_nCi_2_NS0_T_KA_e_MAS]
IB1instance-basedclassifierusing6nearestneighbour(s)forclassification,1,0.77646,0.68229,0.46551,1.20165,1.29224,[N2_Q_AB_nCi_2_NS0_T_KA_p_MAS]
IB1instance-basedclassifierusing6nearestneighbour(s)forclassification,1,0.77866,0.66630,0.44395,1.22928,1.32149,[N1_Q_AB_nCi_2_NS1_T_KA_p_MAS]
IB1instance-basedclassifierusing6nearestneighbour(s)forclassification,1,0.78587,0.59796,0.35756,1.14175,1.49021,[N3_Q_AB_nCi_2_NS1_T_KA_p_MAS]
IB1instance-basedclassifierusing6nearestneighbour(s)forclassification,1,0.63303,0.52702,0.27775,1.43659,1.51213,[N3_Q_AB_nCi_2_NS0_T_KA_r_MAS]
IB1instance-basedclassifierusing6nearestneighbour(s)forclassification,1,0.80242,0.62086,0.38547,1.08429,1.50150,[N1_Q_AB_nCi_2_NS0_T_KA_v_MAS]
IB1instance-basedclassifierusing6nearestneighbour(s)forclassification,1,0.83173,0.55428,0.30723,1.03121,1.58843,[N3_Q_AB_nCi_2_NS0_T_KA_e_MAS]
IB1instance-basedclassifierusing6nearestneighbour(s)forclassification,1,0.81521,0.59696,0.35637,1.08802,1.43717,[N1_Q_AB_nCi_2_NS1_T_KA_e_MAS]
IB1instance-basedclassifierusing6nearestneighbour(s)forclassification,1,0.81166,0.63245,0.40000,1.07213,1.47049,[N2_Q_AB_nCi_2_NS0_T_KA_v_MAS]
IB1instance-basedclassifierusing6nearestneighbour(s)forclassification,1,0.73818,0.60366,0.36441,1.29269,1.45314,[N3_Q_AB_nCi_2_NS1_T_KA_v_MAS]
IB1instance-basedclassifierusing6nearestneighbour(s)forclassification,1,0.80784,0.60070,0.36084,1.07060,1.48725,[N1_Q_AB_nCi_2_NS0_T_KA_r_MAS]
IB1instance-basedclassifierusing6nearestneighbour(s)forclassification,1,0.74174,0.67451,0.45497,1.28876,1.26195,[N2_Q_AB_nCi_2_NS1_T_KA_r_MAS]
IB1instance-basedclassifierusing6nearestneighbour(s)forclassification,1,0.76626,0.67072,0.44986,1.18044,1.33422,[N3_Q_AB_nCi_2_NS1_T_KA_r_MAS]
IB1instance-basedclassifierusing6nearestneighbour(s)forclassification,1,0.79598,0.64421,0.41501,1.12551,1.40539,[N2_Q_AB_nCi_2_NS1_T_KA_p_MAS]
IB1instance-basedclassifierusing6nearestneighbour(s)forclassification,1,0.71566,0.69548,0.48369,1.31152,1.31593,[N3_Q_AB_nCi_2_NS0_T_KA_p_MAS]
IB1instance-basedclassifierusing6nearestneighbour(s)forclassification,2,0.80186,0.70385,0.49540,1.16286,1.26150,[N1_Q_AB_nCi_2_NS1_T_KA_v_MAS  N3_Q_AB_nCi_2_NS0_T_KA_p_MAS]
IB1instance-basedclassifierusing6nearestneighbour(s)forclassification,2,0.78271,0.70740,0.50041,1.20376,1.30416,[N2_Q_AB_nCi_2_NS0_T_KA_r_MAS  N3_Q_AB_nCi_2_NS0_T_KA_p_MAS]
IB1instance-basedclassifierusing6nearestneighbour(s)forclassification,2,0.77506,0.68407,0.46795,1.20027,1.27824,[N2_Q_AB_nCi_2_NS1_T_KA_v_MAS  N3_Q_AB_nCi_2_NS0_T_KA_p_MAS]
IB1instance-basedclassifierusing6nearestneighbour(s)forclassification,2,0.81396,0.72765,0.52948,1.10090,1.20028,[N1_Q_AB_nCi_2_NS0_T_KA_e_MAS  N3_Q_AB_nCi_2_NS0_T_KA_p_MAS]
IB1instance-basedclassifierusing6nearestneighbour(s)forclassification,2,0.78364,0.67455,0.45502,1.20357,1.27474,[N2_Q_AB_nCi_2_NS0_T_KA_p_MAS  N3_Q_AB_nCi_2_NS0_T_KA_p_MAS]
IB1instance-basedclassifierusing6nearestneighbour(s)forclassification,2,0.80131,0.68619,0.47085,1.17634,1.25439,[N1_Q_AB_nCi_2_NS1_T_KA_p_MAS  N3_Q_AB_nCi_2_NS0_T_KA_p_MAS]
IB1instance-basedclassifierusing6nearestneighbour(s)forclassification,2,0.79431,0.65937,0.43477,1.15944,1.36871,[N3_Q_AB_nCi_2_NS1_T_KA_p_MAS  N3_Q_AB_nCi_2_NS0_T_KA_p_MAS]
IB1instance-basedclassifierusing6nearestneighbour(s)forclassification,2,0.78568,0.70135,0.49189,1.18248,1.27896,[N3_Q_AB_nCi_2_NS0_T_KA_r_MAS  N3_Q_AB_nCi_2_NS0_T_KA_p_MAS]
IB1instance-basedclassifierusing6nearestneighbour(s)forclassification,2,0.80581,0.71130,0.50595,1.13029,1.23560,[N1_Q_AB_nCi_2_NS0_T_KA_v_MAS  N3_Q_AB_nCi_2_NS0_T_KA_p_MAS]
IB1instance-basedclassifierusing6nearestneighbour(s)forclassification,2,0.82697,0.72517,0.52587,1.04555,1.21612,[N3_Q_AB_nCi_2_NS0_T_KA_e_MAS  N3_Q_AB_nCi_2_NS0_T_KA_p_MAS]
IB1instance-basedclassifierusing6nearestneighbour(s)forclassification,2,0.80539,0.71193,0.50684,1.13175,1.21551,[N1_Q_AB_nCi_2_NS1_T_KA_e_MAS  N3_Q_AB_nCi_2_NS0_T_KA_p_MAS]
IB1instance-basedclassifierusing6nearestneighbour(s)forclassification,2,0.80282,0.70644,0.49905,1.09514,1.28486,[N2_Q_AB_nCi_2_NS0_T_KA_v_MAS  N3_Q_AB_nCi_2_NS0_T_KA_p_MAS]
IB1instance-basedclassifierusing6nearestneighbour(s)forclassification,2,0.77240,0.66688,0.44472,1.20838,1.31701,[N3_Q_AB_nCi_2_NS1_T_KA_v_MAS  N3_Q_AB_nCi_2_NS0_T_KA_p_MAS]
IB1instance-basedclassifierusing6nearestneighbour(s)forclassification,2,0.80008,0.71167,0.50647,1.10644,1.21392,[N1_Q_AB_nCi_2_NS0_T_KA_r_MAS  N3_Q_AB_nCi_2_NS0_T_KA_p_MAS]
IB1instance-basedclassifierusing6nearestneighbour(s)forclassification,2,0.70778,0.66806,0.44630,1.31863,1.28802,[N2_Q_AB_nCi_2_NS1_T_KA_r_MAS  N3_Q_AB_nCi_2_NS0_T_KA_p_MAS]
IB1instance-basedclassifierusing6nearestneighbour(s)forclassification,2,0.75056,0.62351,0.38876,1.21442,1.40650,[N3_Q_AB_nCi_2_NS1_T_KA_r_MAS  N3_Q_AB_nCi_2_NS0_T_KA_p_MAS]
IB1instance-basedclassifierusing6nearestneighbour(s)forclassification,2,0.78708,0.63526,0.40355,1.18103,1.39576,[N2_Q_AB_nCi_2_NS1_T_KA_p_MAS  N3_Q_AB_nCi_2_NS0_T_KA_p_MAS]
IB1instance-basedclassifierusing6nearestneighbour(s)forclassification,3,0.81732,0.71272,0.50797,1.10255,1.22254,[N1_Q_AB_nCi_2_NS1_T_KA_v_MAS  N1_Q_AB_nCi_2_NS0_T_KA_e_MAS  N3_Q_AB_nCi_2_NS0_T_KA_p_MAS]
IB1instance-basedclassifierusing6nearestneighbour(s)forclassification,3,0.83540,0.73838,0.54520,1.01370,1.16956,[N2_Q_AB_nCi_2_NS0_T_KA_r_MAS  N1_Q_AB_nCi_2_NS0_T_KA_e_MAS  N3_Q_AB_nCi_2_NS0_T_KA_p_MAS]
IB1instance-basedclassifierusing6nearestneighbour(s)forclassification,3,0.79994,0.70906,0.50277,1.12836,1.23623,[N2_Q_AB_nCi_2_NS1_T_KA_v_MAS  N1_Q_AB_nCi_2_NS0_T_KA_e_MAS  N3_Q_AB_nCi_2_NS0_T_KA_p_MAS]
IB1instance-basedclassifierusing6nearestneighbour(s)forclassification,3,0.80992,0.72072,0.51943,1.11665,1.19679,[N1_Q_AB_nCi_2_NS0_T_KA_e_MAS  N2_Q_AB_nCi_2_NS0_T_KA_p_MAS  N3_Q_AB_nCi_2_NS0_T_KA_p_MAS]
IB1instance-basedclassifierusing6nearestneighbour(s)forclassification,3,0.81502,0.73896,0.54607,1.07723,1.18840,[N1_Q_AB_nCi_2_NS0_T_KA_e_MAS  N1_Q_AB_nCi_2_NS1_T_KA_p_MAS  N3_Q_AB_nCi_2_NS0_T_KA_p_MAS]
IB1instance-basedclassifierusing6nearestneighbour(s)forclassification,3,0.81968,0.71409,0.50992,1.07483,1.20921,[N1_Q_AB_nCi_2_NS0_T_KA_e_MAS  N3_Q_AB_nCi_2_NS1_T_KA_p_MAS  N3_Q_AB_nCi_2_NS0_T_KA_p_MAS]
IB1instance-basedclassifierusing6nearestneighbour(s)forclassification,3,0.81414,0.73759,0.54405,1.07912,1.20230,[N1_Q_AB_nCi_2_NS0_T_KA_e_MAS  N3_Q_AB_nCi_2_NS0_T_KA_r_MAS  N3_Q_AB_nCi_2_NS0_T_KA_p_MAS]
IB1instance-basedclassifierusing6nearestneighbour(s)forclassification,3,0.80465,0.71537,0.51175,1.12408,1.24588,[N1_Q_AB_nCi_2_NS0_T_KA_e_MAS  N1_Q_AB_nCi_2_NS0_T_KA_v_MAS  N3_Q_AB_nCi_2_NS0_T_KA_p_MAS]
IB1instance-basedclassifierusing6nearestneighbour(s)forclassification,3,0.81761,0.73138,0.53491,1.10093,1.19485,[N1_Q_AB_nCi_2_NS0_T_KA_e_MAS  N3_Q_AB_nCi_2_NS0_T_KA_e_MAS  N3_Q_AB_nCi_2_NS0_T_KA_p_MAS]
IB1instance-basedclassifierusing6nearestneighbour(s)forclassification,3,0.81391,0.73148,0.53506,1.09008,1.18505,[N1_Q_AB_nCi_2_NS0_T_KA_e_MAS  N1_Q_AB_nCi_2_NS1_T_KA_e_MAS  N3_Q_AB_nCi_2_NS0_T_KA_p_MAS]
IB1instance-basedclassifierusing6nearestneighbour(s)forclassification,3,0.82375,0.71536,0.51175,1.05655,1.24943,[N1_Q_AB_nCi_2_NS0_T_KA_e_MAS  N2_Q_AB_nCi_2_NS0_T_KA_v_MAS  N3_Q_AB_nCi_2_NS0_T_KA_p_MAS]
IB1instance-basedclassifierusing6nearestneighbour(s)forclassification,3,0.79625,0.69889,0.48845,1.13451,1.25489,[N1_Q_AB_nCi_2_NS0_T_KA_e_MAS  N3_Q_AB_nCi_2_NS1_T_KA_v_MAS  N3_Q_AB_nCi_2_NS0_T_KA_p_MAS]
IB1instance-basedclassifierusing6nearestneighbour(s)forclassification,3,0.80253,0.71795,0.51545,1.07027,1.25761,[N1_Q_AB_nCi_2_NS0_T_KA_e_MAS  N1_Q_AB_nCi_2_NS0_T_KA_r_MAS  N3_Q_AB_nCi_2_NS0_T_KA_p_MAS]
IB1instance-basedclassifierusing6nearestneighbour(s)forclassification,3,0.77530,0.69796,0.48714,1.17425,1.27039,[N1_Q_AB_nCi_2_NS0_T_KA_e_MAS  N2_Q_AB_nCi_2_NS1_T_KA_r_MAS  N3_Q_AB_nCi_2_NS0_T_KA_p_MAS]
IB1instance-basedclassifierusing6nearestneighbour(s)forclassification,3,0.78541,0.70203,0.49285,1.13858,1.26579,[N1_Q_AB_nCi_2_NS0_T_KA_e_MAS  N3_Q_AB_nCi_2_NS1_T_KA_r_MAS  N3_Q_AB_nCi_2_NS0_T_KA_p_MAS]
IB1instance-basedclassifierusing6nearestneighbour(s)forclassification,3,0.83846,0.71356,0.50917,1.03096,1.23041,[N1_Q_AB_nCi_2_NS0_T_KA_e_MAS  N2_Q_AB_nCi_2_NS1_T_KA_p_MAS  N3_Q_AB_nCi_2_NS0_T_KA_p_MAS]
